Du,Dd,Fu_Nq,Fd_Nq,Fu_NEvents,Fd_NEvents,Du_out,Dd_out,Fu_Nq_out,Fd_Nq_out,Fu_NEvents_out,Fd_NEvents_out,Du_in,Dd_in,Fu_Nq_in,Fd_Nq_in,Fu_NEvents_in,Fd_NEvents_in,Du_notIN,Dd_notIN,Fu_Nq_notIN,Fd_Nq_notIN,Fu_NEvents_notIN,Fd_NEvents_notIN,Du_notOUT,Dd_notOUT,Fu_Nq_notOUT,Fd_Nq_notOUT,Fu_NEvents_notOUT,Fd_NEvents_notOUT
-0.95822454308094,-0.989159891598916,0.25482368596141053,0.7365269461077845,0.25,0.7225848563968669,-1.0,-1.0,0.10526315789473684,0.8947368421052632,0.09523809523809523,0.8095238095238095,-0.968503937007874,-0.9936507936507937,0.2853932584269663,0.7078651685393258,0.2809734513274336,0.6969026548672567,-0.953125,-0.9873737373737373,0.24196597353497165,0.7485822306238186,0.23703703703703705,0.7333333333333333,-0.958005249343832,-0.9889908256880734,0.25673854447439354,0.7345013477088949,0.25215089344804764,0.7213765718067505
-0.95,-0.9849372384937238,0.23003194888178913,0.7635782747603834,0.22485946283572766,0.7464084946908183,-1.0,-1.0,0.21428571428571427,0.7857142857142857,0.20689655172413793,0.7586206896551724,-0.9811320754716981,-0.992831541218638,0.27249357326478146,0.7172236503856041,0.26903553299492383,0.7081218274111675,-0.937007874015748,-0.982532751091703,0.21598639455782312,0.7789115646258503,0.2104391052195526,0.7589063794531897,-0.9491525423728814,-0.9846547314578005,0.23031880286271958,0.7631750162654521,0.22519083969465647,0.7461832061068703
-0.9588688946015425,-0.9798350137488543,0.2612491605104097,0.732706514439221,0.25676567656765675,0.7201320132013201,-1.0,-1.0,0.13636363636363635,0.8636363636363636,0.13636363636363635,0.8636363636363636,-0.9807692307692307,-0.9821428571428571,0.31419939577039274,0.676737160120846,0.3123123123123123,0.6726726726726727,-0.9508771929824561,-0.9792387543252595,0.24611398963730569,0.7487046632124352,0.24111675126903553,0.733502538071066,-0.9585492227979274,-0.9794776119402985,0.2631220177232447,0.7307430129516019,0.25853985264567986,0.7180174146014735
-0.9168831168831169,-0.9878472222222222,0.24838709677419354,0.743225806451613,0.24274905422446405,0.7263556116015133,-1.0,-0.9166666666666666,0.21875,0.75,0.21212121212121213,0.7272727272727273,-0.9759036144578314,-1.0,0.3333333333333333,0.6626506024096386,0.33067729083665337,0.6573705179282868,-0.9006622516556292,-0.9858156028368794,0.2321291314373559,0.7586471944657955,0.22621722846441947,0.7393258426966293,-0.9153439153439153,-0.9893617021276596,0.2490118577075099,0.7430830039525692,0.24339987121699935,0.7263361236316807
-0.9240506329113924,-0.9864750633981403,0.2485840151038389,0.7444933920704846,0.2448853068815871,0.7334159950402975,-1.0,-1.0,0.2962962962962963,0.7037037037037037,0.2962962962962963,0.7037037037037037,-0.9759036144578314,-1.0,0.36403508771929827,0.6359649122807017,0.36086956521739133,0.6304347826086957,-0.9102564102564102,-0.9845857418111753,0.2292432035268185,0.7626745040411462,0.22559652928416485,0.7505422993492408,-0.9224806201550387,-0.9862542955326461,0.24775928297055058,0.7451984635083226,0.24401008827238335,0.733921815889029
-0.9508599508599509,-0.9806138933764136,0.24621899576527526,0.7489413188142771,0.2396937573616019,0.7290930506478209,-1.0,-1.0,0.3684210526315789,0.631578947368421,0.3684210526315789,0.631578947368421,-1.0,-1.0,0.34854771784232363,0.6514522821576764,0.345679012345679,0.6460905349794238,-0.9380804953560371,-0.9777983348751156,0.22875354107648727,0.7655807365439093,0.2219931271477663,0.7429553264604811,-0.95,-0.9804241435562806,0.24479804161566707,0.7503059975520195,0.23823704586063132,0.730196545562835
-0.9443155452436195,-0.9845201238390093,0.248558246828143,0.7450980392156863,0.2425436128306134,0.727068092290377,-0.7142857142857143,-1.0,0.2692307692307692,0.7307692307692307,0.25925925925925924,0.7037037037037037,-1.0,-0.9866666666666667,0.3392070484581498,0.6607929515418502,0.3392070484581498,0.6607929515418502,-0.9322033898305084,-0.9842381786339754,0.23490378234903783,0.7577969475779694,0.22838709677419355,0.7367741935483871,-0.9481132075471698,-0.9842890809112333,0.24824355971896955,0.7453161592505855,0.2422857142857143,0.7274285714285714
-0.9559471365638766,-0.9909021986353298,0.25448430493273544,0.7393497757847534,0.24795193883123975,0.7203713817586018,-1.0,-1.0,0.18181818181818182,0.8181818181818182,0.18181818181818182,0.8181818181818182,-1.0,-0.9859154929577465,0.3409090909090909,0.6454545454545455,0.3393665158371041,0.6425339366515838,-0.9472295514511874,-0.9915038232795242,0.24232736572890026,0.7525575447570333,0.23540372670807452,0.731055900621118,-0.9555555555555556,-0.9907763259031515,0.25539160045402953,0.7383654937570943,0.24875621890547264,0.7191818684355997
-0.946611909650924,-0.9899352983465133,0.25753569539925963,0.7355896351136965,0.25051440329218105,0.7155349794238683,-1.0,-1.0,0.10526315789473684,0.8947368421052632,0.10526315789473684,0.8947368421052632,-1.0,-1.0,0.3449612403100775,0.6550387596899225,0.3423076923076923,0.65,-0.9346733668341709,-0.9885433715220949,0.24372320881812615,0.7483159828536436,0.23634204275534443,0.7256532066508313,-0.9463917525773196,-0.9898107714701602,0.2590811965811966,0.7339743589743589,0.2519480519480519,0.7137662337662337
-0.9166666666666666,-0.9811701412239409,0.2513715710723192,0.741645885286783,0.24383164005805516,0.7194000967585873,-0.8181818181818182,-1.0,0.39285714285714285,0.6071428571428571,0.39285714285714285,0.6071428571428571,-0.9807692307692307,-0.9672131147540983,0.3623693379790941,0.6376306620209059,0.3586206896551724,0.6310344827586207,-0.9,-0.9831288343558282,0.23282887077997672,0.7590221187427241,0.22509848058525606,0.7338210467079347,-0.9188640973630832,-0.9809523809523809,0.24936772888214467,0.7435508345978755,0.24178518881804806,0.7209416380578715
-0.9398230088495575,-0.9778425655976677,0.24554541503694047,0.7453281182094741,0.23950826621449767,0.7270029673590505,-1.0,-1.0,0.2777777777777778,0.7222222222222222,0.25,0.65,-0.9615384615384616,-0.9791666666666666,0.3501683501683502,0.6464646464646465,0.34551495016611294,0.6378737541528239,-0.9349240780911063,-0.9776756401838477,0.23003992015968064,0.7599800399201597,0.2240038872691934,0.7400388726919339,-0.9392857142857143,-0.9776733254994124,0.24529128339903636,0.7455102934734997,0.2394185549380077,0.7276613937580162
-0.9262672811059908,-0.9780334728033473,0.2514484356894554,0.738509076863654,0.24345549738219896,0.7150336574420344,-1.0,-0.875,0.22727272727272727,0.7272727272727273,0.2,0.64,-1.0,-0.990990990990991,0.3620689655172414,0.6379310344827587,0.35694050991501414,0.6288951841359773,-0.9085714285714286,-0.9763313609467456,0.23427041499330656,0.7541276215975011,0.22619560534252478,0.7281344248168893,-0.9256965944272446,-0.9789029535864979,0.25165562913907286,0.7386053759252045,0.24386560966402415,0.7157417893544734
-0.9514285714285714,-0.982070820259973,0.23688663282571912,0.7549915397631134,0.22808732486151842,0.7269468882372108,-1.0,-1.0,0.3448275862068966,0.6551724137931034,0.3225806451612903,0.6129032258064516,-0.974025974025974,-0.9924528301886792,0.3657957244655582,0.6294536817102138,0.35648148148148145,0.6134259259259259,-0.945054945054945,-0.9806714140386572,0.2154696132596685,0.7758484609313339,0.20705346985210465,0.745544178991278,-0.9507246376811594,-0.9819168173598554,0.23581681476418317,0.7559808612440191,0.2271231073074391,0.728110599078341
-0.9443254817987152,-0.9838337182448037,0.262433267771846,0.7299803315538073,0.25013390465988217,0.6957686127477236,-1.0,-1.0,0.21428571428571427,0.7857142857142857,0.20689655172413793,0.7586206896551724,-0.9878048780487805,-0.9868852459016394,0.34893617021276596,0.648936170212766,0.33675564681724846,0.6262833675564682,-0.935064935064935,-0.9834278238116005,0.2492716089349304,0.7423114276464875,0.23714197720973207,0.7061903295349553,-0.9439655172413793,-0.9836956521739131,0.2628150665533843,0.7295383743981875,0.250472334682861,0.69527665317139
-0.9603960396039604,-0.9815750371471025,0.2623376623376623,0.7283549783549783,0.24679291386682956,0.685196497658318,-1.0,-1.0,0.45588235294117646,0.5367647058823529,0.45255474452554745,0.5328467153284672,-0.950920245398773,-0.9825072886297376,0.3214990138067061,0.6765285996055227,0.30988593155893535,0.6520912547528517,-0.9618684461391802,-0.9814692256783587,0.2550449793338196,0.7347434962314612,0.23922462941847206,0.6891676168757127,-0.9582608695652174,-0.9811664641555286,0.2564674397859054,0.7341659232827832,0.24088814411395057,0.689568496020109
-0.9559471365638766,-0.9768996960486322,0.29108783928189785,0.7031416969437914,0.257320989986775,0.6215756659739279,-0.956989247311828,-1.0,0.3184931506849315,0.678082191780822,0.29430379746835444,0.6265822784810127,-0.9818181818181818,-0.976,0.30386740331491713,0.6906077348066298,0.2842377260981912,0.6459948320413437,-0.9536741214057508,-0.9769736842105263,0.2900162149640954,0.7041927264303914,0.25519771708112515,0.6196494088870771,-0.9558707643814027,-0.9754204398447607,0.2892637337588329,0.7048096649190791,0.2549728752260398,0.6212577858147479
-0.9151567944250871,-0.9800172375267341,0.2653292347516583,0.7240391060161324,0.258192204754515,0.7045633448035445,-0.9183673469387755,-0.9831932773109243,0.23333333333333334,0.7555555555555555,0.22720247295208656,0.7357032457496137,-0.9623430962343096,-0.9870609981515711,0.3334786779454086,0.6605040551146769,0.328465899330012,0.650575502490981,-0.8915882967607106,-0.9777712288974024,0.24075471698113207,0.7469496855345912,0.23326528746838915,0.7237134761280887,-0.9151151504456013,-0.9799682344170367,0.26580200295517975,0.7235734221450852,0.2586498082892094,0.7041035238269125
-0.9216740902596857,-0.9763629431948151,0.27121464226289516,0.7174344129646936,0.2641463360490155,0.6987368748196329,-0.9020979020979021,-0.9794871794871794,0.2672897196261682,0.7289719626168224,0.2595281306715064,0.7078039927404719,-0.9710312862108922,-0.9852375826541596,0.34475182263058024,0.6494557075801458,0.3397303415018207,0.6399960633795886,-0.901503492364153,-0.974051976134225,0.24946839929119904,0.737536916715889,0.2421315140744138,0.7158458980679929,-0.9219122150391289,-0.976323747024384,0.271263094743643,0.717291983940191,0.26420352391226176,0.6986245954692557
-0.9188045262157727,-0.9769998415967052,0.26564328491773936,0.7242835180468553,0.2582019314405513,0.7039944688538484,-0.9416058394160584,-0.9744897959183674,0.2560747663551402,0.7327102803738318,0.2509157509157509,0.717948717948718,-0.9702479338842975,-0.9872369782683684,0.3410756567820498,0.6537377381891983,0.3352171985815603,0.6425088652482269,-0.9006080449017774,-0.9746963169946055,0.24637013136667435,0.7423081355150957,0.23879596794460112,0.7194873370005306,-0.9185314685314685,-0.9770314053828634,0.26576220787065,0.7241787854852948,0.2582917522747285,0.7038224469982615
-0.9234313479098601,-0.9771879527728968,0.26647468523975354,0.7241494776319314,0.25913383262780854,0.704200586128297,-0.9096774193548387,-0.980440097799511,0.272887323943662,0.7200704225352113,0.26495726495726496,0.6991452991452991,-0.9515854074326628,-0.9858439201451905,0.3461175359924475,0.6502242152466368,0.3416026088982064,0.6417423713021198,-0.914260328742781,-0.9754168368673177,0.24789383844501955,0.7413963988767138,0.24024120173964086,0.7185090317244324,-0.9236122899337973,-0.9771464252263503,0.2663923306502668,0.7242018630731664,0.2590589270008795,0.7042656112576957
-0.9202171409771344,-0.9796066127669845,0.2656441181611606,0.7242614927460235,0.2579837460479131,0.7033759840431175,-0.8888888888888888,-0.9868131868131869,0.28213166144200624,0.713166144200627,0.2731411229135053,0.6904400606980273,-0.9736659736659736,-0.9907475943745374,0.3460431654676259,0.6479616306954437,0.3408527223337664,0.6382425888744537,-0.9035806729939603,-0.9774365628604383,0.24772897296141927,0.7412632253927541,0.2398344542162442,0.7176409725814795,-0.9206879278677575,-0.9795063163368305,0.2654110347883891,0.7244183469975626,0.25776878712232076,0.7035594387535509
-0.9182552757511572,-0.9791515010336895,0.2680362512353597,0.7221439535715036,0.2598617821539967,0.7001202780665811,-0.967032967032967,-0.9874476987447699,0.272863568215892,0.7166416791604198,0.26608187134502925,0.6988304093567251,-0.9659049691693871,-0.9870155420027543,0.3500063475942618,0.6452964326520249,0.344625,0.635375,-0.9051051051051051,-0.9777853725222146,0.2517641129032258,0.7373991935483871,0.2433439699900129,0.712737193384162,-0.9175487465181058,-0.9790344012992765,0.2679675837065472,0.7222222222222222,0.25977382207612315,0.7001385184725754
-0.9244286899464514,-0.9777271576815996,0.26872719902715847,0.7206931495743818,0.2600721823388647,0.697481464046134,-0.9166666666666666,-0.9789915966386554,0.3098995695839311,0.6829268292682927,0.301255230125523,0.6638772663877266,-0.9761646803900325,-0.9896434973112925,0.3540015341344925,0.6419074405522884,0.3475586795531568,0.6302246767917661,-0.9107721639656816,-0.9757678957364595,0.25266149621850764,0.7355363938532684,0.2438684179937231,0.7099383935836336,-0.924557233765238,-0.9777100019952684,0.26813724482453793,0.7212342988713689,0.2594847309260917,0.6979608077190889
-0.9251321617373911,-0.9805702217529039,0.267101723052264,0.7228042055450608,0.2581228102526277,0.6985063617923658,-0.9565217391304348,-0.9798792756539235,0.2697947214076246,0.7287390029325513,0.26136363636363635,0.7059659090909091,-0.976271186440678,-0.9904761904761905,0.35814009955080733,0.6373679737768605,0.35236502627806976,0.6270903010033445,-0.9114771904417089,-0.9789764020839719,0.25012451890423365,0.7387366991170478,0.24091761524706704,0.7115443325046884,-0.9247140582018243,-0.9805794077521868,0.26706621556307397,0.7227259545674238,0.2580801853304936,0.6984082501961664
-0.9292370020256583,-0.98011908617554,0.2667987749954963,0.7230949378490362,0.25756521739130434,0.6980695652173913,-0.9478260869565217,-0.9759519038076152,0.3120759837177748,0.6770691994572592,0.3034300791556728,0.658311345646438,-0.9727936297279363,-0.9862248696947133,0.357914736967106,0.6379289870561691,0.35247339492457025,0.6282306163021869,-0.9181078331637843,-0.979175655075215,0.2505043640765359,0.7383252989020791,0.24098551553657888,0.7102698727246726,-0.9289437585733882,-0.9801715438950555,0.26618954594416955,0.7237142387672758,0.25695252194141904,0.6986006837968348
-0.9289613976491746,-0.9776635100863212,0.2632255228498487,0.7266471672274164,0.2534842070986649,0.6997557798762618,-0.9061032863849765,-0.9885057471264368,0.28706199460916443,0.7035040431266847,0.27734375,0.6796875,-0.9687699171446782,-0.9851800792693435,0.34936539746158984,0.6460699176130038,0.3420909190014172,0.6326174642973945,-0.9189123964282842,-0.9764902087368195,0.24780225256653046,0.7410744543008073,0.23792753650927326,0.7115432465021915,-0.929278457931753,-0.9775302070329981,0.2629226949747453,0.726941186542248,0.2531820879773132,0.7000098925014838
-0.9274683324657297,-0.9784392940676164,0.26616069091860767,0.7240174269131887,0.2554785512686005,0.694959585063467,-0.9269406392694064,-0.9796610169491525,0.2697044334975369,0.7266009852216748,0.2585596221959858,0.6965761511216056,-0.9750445632798574,-0.9876428792091443,0.3404126213592233,0.6547330097087378,0.33376301437778877,0.6419434804164601,-0.9159663865546218,-0.9769701153959957,0.2528282699885598,0.7364578982730756,0.24176911856636799,0.7042439397096617,-0.9274751025190392,-0.9784237726098192,0.2661158313196664,0.7239847221139606,0.2554394995959656,0.6949390955616077
-0.9320473703263175,-0.9795373836260678,0.268022232386655,0.722067445631835,0.2559293768860183,0.689488591243581,-0.9369369369369369,-0.9840764331210191,0.2596491228070175,0.7345029239766082,0.24915824915824916,0.7048260381593715,-0.9779227295534371,-0.9901987476177512,0.3503251889611531,0.645631921251538,0.34182317125460937,0.6299631249464025,-0.9201354960588887,-0.977787213122081,0.25261235169247476,0.7363787457420724,0.24025354096564677,0.700352140230065,-0.9319905833115354,-0.9794819981735869,0.26812265050777084,0.7219183078045223,0.2560101787986339,0.6893055648563584
-0.935997839589522,-0.9787481265682098,0.26954432959673896,0.7204226719076042,0.25569672697141277,0.6834115914008194,-0.9315589353612167,-0.9905808477237049,0.2883771929824561,0.6984649122807017,0.2736732570239334,0.6628511966701353,-0.9772876173837083,-0.9903392754456585,0.3433048433048433,0.6518968361073624,0.33394107351225205,0.6341161026837806,-0.9252792108396167,-0.9767597853535354,0.25530467506151394,0.7336517585757707,0.24103580213172998,0.6926482645531566,-0.9360510134365748,-0.9786198209239778,0.26933362775406056,0.7206683350507875,0.25549568840115905,0.6836415263409015
-0.9409772617319787,-0.9776746338148324,0.27714919292455265,0.7133102985921304,0.2601711818129006,0.6696132917642958,-0.96,-0.984251968503937,0.3084040092521203,0.6854279105628374,0.29048656499636893,0.6456063907044299,-0.9777380242496522,-0.9848127244740893,0.3385598923283984,0.6557873485868102,0.32728337236533955,0.6339448347645069,-0.9325091575091575,-0.9765038543104319,0.2660332541567696,0.7237225165966259,0.24843590035263338,0.6758503014446593,-0.9406898114918213,-0.9775889849128461,0.2767254176336532,0.7136883480733446,0.2597615426132182,0.6699376870614788
-0.9467943909054186,-0.9771580407192887,0.2848079941490192,0.7051335782198884,0.261615223774693,0.647712433101595,-0.9853264856933236,-0.9885332059245103,0.39313527545428323,0.603691952696856,0.3745534487496565,0.5751580104424292,-0.9646017699115044,-0.9850345356868765,0.3159297789336801,0.6777633289986996,0.2982628445153766,0.6398625007672948,-0.943890734588409,-0.9760688749452794,0.2803055244617107,0.7090933034832423,0.25647668393782386,0.6488131100132546,-0.9452169995494819,-0.9768736412069666,0.28163116847964,0.7081084738881088,0.2584253093031559,0.6497617162638352
-0.9624127052606034,-0.9731802738597756,0.3203922076800138,0.6712798583214548,0.2713775592337299,0.5685852687652749,-0.9867909867909868,-0.9830769230769231,0.39667128987517336,0.6010171058714748,0.36010072747621713,0.5456071628427532,-0.9696594427244583,-0.9789629629629629,0.32139303482587067,0.6716417910447762,0.28405593175622196,0.5936153372614545,-0.9617213574740822,-0.9726301547481467,0.3202970531195308,0.6712454472352302,0.2702269117494473,0.5663136218882442,-0.9605945585721323,-0.9726573085469622,0.3158622078231106,0.6754525652993612,0.2664808437697855,0.5698534521364486
-0.9034280462779953,-0.9788901451559484,0.2631447307613948,0.7251776896944119,0.2553385044151352,0.7036651890616512,-0.7696774193548387,-0.964018525115782,0.21127240509779868,0.7652150207864785,0.19928002057084082,0.7217793777320648,-0.9016362757179179,-0.9779717732475582,0.2801379081311613,0.7077798363979585,0.2713930116585246,0.6856854992337716,-0.9046402904270925,-0.9794294332399186,0.25277093842447973,0.7357985237667156,0.24551244183274779,0.7146695478241043,-0.9060899040868996,-0.9792815833952604,0.2644368540424549,0.7241803723974957,0.2567760483464167,0.7032006752145488
-0.9047928757254352,-0.9786595987403425,0.26382183974420315,0.7245712796111571,0.25584230652309564,0.7026559575046799,-0.8012003000750187,-0.9701492537313433,0.20460475825019186,0.7764389869531849,0.19501133786848074,0.7400336478677493,-0.9088890319258497,-0.978017036475531,0.28197158686153245,0.7063174086056145,0.2733839534740491,0.6848060392232771,-0.9021890343698854,-0.9790124197092779,0.2534513824974398,0.7350012314792009,0.24581589958158995,0.7128585653363373,-0.9065493074193262,-0.97886027269549,0.2651228510342688,0.7234317355617156,0.2572026322547719,0.7018201030851949
-0.9087490908194337,-0.978208281483115,0.2644409598727298,0.7243528096261113,0.25644778856185385,0.7024580316777844,-0.833134684147795,-0.9739644970414201,0.20947070572569906,0.773551930758988,0.20011130545396724,0.7389887104468119,-0.9176966989327376,-0.978490473116419,0.2837004281207751,0.7053618371638877,0.27523875886379473,0.6843236645671371,-0.903437165394552,-0.9780641213069051,0.25419627741126766,0.7344546712146107,0.2464586354579503,0.71209813895271,-0.9099407076266146,-0.9782989422975266,0.2655391183776073,0.7233699429076846,0.257590614829318,0.7017169804626138
-0.9089407102575827,-0.9788209408832429,0.26332519397205645,0.7252652516700139,0.25501597493761613,0.7023795272040361,-0.8307041169680647,-0.9723798308532277,0.21364570489108098,0.7678586107685984,0.20392310710082384,0.7329148685759121,-0.917211034015908,-0.9797617171710251,0.2850018328092142,0.7039964887234001,0.276337141601156,0.6825934257107181,-0.9042836041358937,-0.9783719089880513,0.25251042551501923,0.7358765253256394,0.2443975014090674,0.712233499937116,-0.9102003394744341,-0.9789569329108144,0.2643147425884264,0.7244168492338727,0.25604885399317945,0.7017622333254024
-0.9103578466472959,-0.9784767497085618,0.26431966814377306,0.7245590188217665,0.25590146953708975,0.7014828634772179,-0.8002148227712137,-0.9632561321215675,0.21031626506024095,0.7705572289156627,0.19995704467353953,0.7326030927835051,-0.9206180622173495,-0.9790398493881393,0.28621017640540886,0.7031456839999608,0.2772245254614789,0.6810702226781211,-0.9049427251439782,-0.9782242303903942,0.25406396218223914,0.7345911689648122,0.2459184785146219,0.7110396179389067,-0.9122089175040616,-0.9788205842551773,0.2654652390528934,0.7235832615852519,0.2571104125153162,0.7008103642461972
-0.9134844525286946,-0.9788649558743052,0.26395348307197697,0.7246360737135903,0.25512074201563684,0.7003873965425079,-0.8097488921713442,-0.9609950593741874,0.22256558616608588,0.7585640081530672,0.20853868900936423,0.7107565303104978,-0.9242482719904564,-0.9796812151262065,0.28603256642496927,0.702355922422661,0.2764363273085261,0.6787922581145764,-0.9082279565470683,-0.9785258959414062,0.2543649375441288,0.7343119394008072,0.24586258538650624,0.7097669735630949,-0.9155458756259502,-0.9793079442023567,0.26493249968893867,0.7238335199701381,0.2562582365011644,0.7001341910326692
-0.9159315284422445,-0.9787063866665857,0.2650380761816809,0.7239341234415885,0.2557054829489607,0.6984427570737806,-0.7898218829516539,-0.9617169373549884,0.2166244074523206,0.760224892514607,0.20198386184920594,0.7088451457059156,-0.9235934244037972,-0.9797252626166165,0.2888368743248109,0.7002932249601317,0.27843512586039315,0.675073889671315,-0.9124805467759791,-0.9783186619964386,0.25555407497001814,0.733355200442809,0.2466370285953968,0.7077662430677976,-0.9187335689045937,-0.9791944840802808,0.2663607627819283,0.7229426407627217,0.2572255848382696,0.698148412072842
-0.9182744246589059,-0.9792838825366832,0.26497119286398507,0.7241999491720915,0.25533080097580535,0.6978515328029107,-0.7947494033412887,-0.9625646205954008,0.20999635502095862,0.7667669035903043,0.19507343293689422,0.7122783256443899,-0.922360248447205,-0.9784220468443177,0.2893127099298449,0.6996338144416062,0.27845848311923377,0.6733854546368687,-0.916590386461566,-0.9795839322895682,0.25609051874467564,0.733162572016108,0.2468793979635706,0.7067920174320118,-0.9213494069609177,-0.9798445997516944,0.26670930604413173,0.7228541301134841,0.2573093888714398,0.6973778201497038
-0.9211831966194383,-0.9794955277935286,0.26611472501478417,0.7232790520150765,0.2557452083531992,0.6950955150821653,-0.7799004975124378,-0.9612701601651877,0.21372974352430776,0.7621538854153375,0.19632740769681578,0.7000976753272123,-0.9255992329817834,-0.9789966199760889,0.29415233465628815,0.6948179142438133,0.28199027670587773,0.6660898888555712,-0.9194213582779845,-0.9796599287951596,0.2563656819271867,0.7331753613653342,0.2465888978830244,0.7052149217281546,-0.9248030592734225,-0.9801131259798295,0.26779642965402545,0.7220310609722461,0.25774381349138553,0.6949272600633435
-0.9245550217976841,-0.979335202516726,0.26702768299931906,0.7224062867262236,0.2560954796501292,0.692830729845687,-0.7935483870967742,-0.9625439783491204,0.21167853004469458,0.7645671246482371,0.19267713865973557,0.6959355106038347,-0.9240176257983596,-0.9789263455115182,0.29119350265516497,0.6978157964293438,0.27858210156088364,0.6675938484172778,-0.924764446731196,-0.9794703252883714,0.2586622792424706,0.7309186973475825,0.2482853880731674,0.7015960462126838,-0.9277314031370429,-0.9798831996099587,0.2687313781713635,0.7211085393862423,0.25815566212632757,0.6927298691985859
-0.9285312680986341,-0.9798834087256428,0.2697930055988513,0.7195841179214564,0.2578032703985771,0.6876054422361819,-0.8026119402985075,-0.9604003245875034,0.21956414877928887,0.7572095690643945,0.19891635122096044,0.6860016328954205,-0.9304043021705589,-0.9781147314821782,0.29173950284935146,0.6969024228227808,0.27785894154127905,0.6637447711806206,-0.9277948572976665,-0.9804816588680975,0.2620427400947276,0.7275940138557294,0.2506891241663701,0.6960692977651264,-0.93145061875246,-0.9804714607380024,0.2712315588796011,0.7185065258835607,0.2595849174393511,0.6876539661224004
-0.9317493089379888,-0.9792431214090528,0.27147145225320446,0.718078484885394,0.25811792509308895,0.6827566104436275,-0.8179568752209261,-0.9625665573065132,0.22798887859128822,0.7492041745577628,0.20479965251384516,0.6730010496977594,-0.9344775010751006,-0.9778954514596062,0.2909393530384143,0.6980883847192102,0.2757407633653618,0.6616204445658189,-0.9306253489670575,-0.9797281975493991,0.2641885164288085,0.7255567753410435,0.25149603577523816,0.6906986541078874,-0.9342511745025122,-0.979701069297572,0.2726145971158318,0.7172601990929902,0.25960389028045244,0.6830284951643867
-0.9354126961582544,-0.9799257938488283,0.27583558448776174,0.7138335527544564,0.26063850851683307,0.6745051145765,-0.8247639034627492,-0.9595841731197624,0.22727453396398903,0.7493938550816805,0.20118218281612835,0.6633593695024981,-0.934262749997236,-0.9783216557722162,0.2908308119700716,0.6979958779327929,0.2733393571081046,0.6560162702358036,-0.9359026292733935,-0.9805405978001801,0.26990653160025224,0.72009570594577,0.2555789235449414,0.6818704396806918,-0.9375427138216035,-0.9804273650703142,0.27697482157277054,0.7129993118406305,0.2621297963217904,0.6747846729499806
-0.9414592080132892,-0.9787376709251813,0.28301166546332923,0.7069507012341314,0.2642639374412928,0.6601197006461264,-0.8821106821106821,-0.9607767365471935,0.26720313628391623,0.7119226933525912,0.23427606585056987,0.6241934511246457,-0.93286979236694,-0.976245443266021,0.2823342480016486,0.7058735805468487,0.2610439652730249,0.6526450111937586,-0.9449302022330628,-0.9797460170430615,0.28328633387753754,0.707387434929116,0.2655877814757591,0.6631928088979684,-0.9427617511559787,-0.9791587396495806,0.2833796255533054,0.7068349729050436,0.26500842867365915,0.6610116204911087
-0.9493394655735282,-0.9778831227982117,0.29664757714363826,0.6936640923105888,0.2704667129513417,0.6324442247130772,-0.9485895339329518,-0.9735452873835934,0.36286090455615927,0.6252526563687949,0.32532544181948164,0.5605745731433607,-0.9334866907656918,-0.9733595720608833,0.2771503515610769,0.7104243323982659,0.24666539672761023,0.6322817157146853,-0.95504223287485,-0.9797309062439858,0.3043497032616928,0.6870431768178932,0.28019261265065976,0.632510630545584,-0.9493727781636906,-0.9780234754037954,0.29426236680959594,0.696128485361831,0.2684558277744531,0.6350786571906701
-0.9686295316115368,-0.9755792305431094,0.3434688569116591,0.6494429294671402,0.28980450037799077,0.5479724869106594,-0.9800521418833266,-0.9755471601868235,0.39765075137911354,0.5966615940650561,0.334031078975752,0.501202412815084,-0.9449690620532779,-0.9668578712555768,0.3129780216191503,0.6763593612226904,0.24759156446908495,0.5350563324609832,-0.9746104259202599,-0.9781932906885872,0.3521407626812452,0.6417876206637446,0.30285688723587134,0.5519662068679045,-0.9675270108043217,-0.975581638943922,0.3390103770860416,0.6537861611199333,0.28614764256515546,0.5518396526803385
-0.9131910904840562,-0.9834066629722464,0.25393067954711374,0.7359489000773581,0.24737019211736294,0.7169351144390591,-0.7999014292755052,-0.9773984130800674,0.19244996680261786,0.7889594991937778,0.1846896049517568,0.7571454578554524,-0.8947222709277323,-0.980508534861639,0.24799291455354364,0.7399462641205441,0.24051574125042172,0.7176363265088694,-0.9432415387849485,-0.9885061224489796,0.2642243038115302,0.729019127081424,0.2593986133831892,0.715704603879411,-0.9145203261435263,-0.9835068661241135,0.2548860655012823,0.7351251363381777,0.2483591606945382,0.7163006793146534
-0.9163117583173648,-0.983833962382347,0.25352537026839234,0.7363908165942515,0.2469154348998113,0.7171915715697726,-0.8325123152709359,-0.9791564492398235,0.19571924411878133,0.7863478596220594,0.18668383299613758,0.7500459812396543,-0.8983478094089925,-0.9810064269946004,0.24783438322645776,0.7403002777331362,0.2403680238148553,0.7179976905210378,-0.9459443172230927,-0.9888662755896085,0.2635066198217511,0.7295341312848608,0.25853191141301385,0.715761347967999,-0.9172903351990658,-0.9839098570030318,0.2544028074940657,0.7356325203347217,0.24784924620249735,0.7166822074133639
-0.9173979450935303,-0.9830943893366398,0.2532655784973557,0.7367767444848087,0.2465332584869167,0.717191703163558,-0.816358839050132,-0.9779005524861878,0.1890651501546443,0.7945724832884365,0.18003040091202735,0.7566026980809424,-0.9007157243562077,-0.9803819350818218,0.24701657127246318,0.7413295664283477,0.23943525521374917,0.7185770291479097,-0.9454185733919321,-0.9880582939480004,0.2645049694800422,0.7285880924227414,0.2594522791659973,0.7146702820891604,-0.9184887258308931,-0.9831757825720785,0.25419742752794183,0.7359378575090292,0.2475203406799498,0.716606737453643
-0.9193967988006526,-0.9837909014858023,0.2544114512636999,0.7358499826122074,0.24739760173011419,0.7155633916128733,-0.826710816777042,-0.9792463134898962,0.19523758215709514,0.7891391013899365,0.18643893404671263,0.7535754707274411,-0.9022634012613973,-0.981049473515576,0.2484711573075124,0.7400417750742058,0.24057729032527367,0.7165308316027842,-0.9492465577437541,-0.9889778012918017,0.26546858135625184,0.7280474740301166,0.2602516648507043,0.7137400826820125,-0.9203318116022715,-0.9838552265660179,0.25519170634058047,0.7351473227034239,0.24821631660915672,0.7150528644649364
-0.9210578890814746,-0.9839388488200714,0.2545645232456327,0.7358342737518092,0.24735117779597157,0.7149836589740748,-0.8240469208211144,-0.9805768098881695,0.1971554116558742,0.7858464384828863,0.1889196675900277,0.7530193905817174,-0.9058387985694064,-0.9813453025430833,0.24799295430894275,0.740904681687227,0.23993464603957412,0.7168296496368555,-0.9486688548504741,-0.9891175350993081,0.2674208806748915,0.7259147283041563,0.26204650162664106,0.7113259613508488,-0.9219593011215625,-0.9839820786970729,0.25525515917453206,0.7352326236497813,0.2480640905010653,0.714519591620432
-0.9212980308896382,-0.984222926491035,0.2561847183431874,0.7344553835078621,0.24863531856367846,0.7128120265341426,-0.8575342465753425,-0.9839249832551908,0.19407151402366077,0.7938322477734946,0.18682021753039027,0.7641714651311581,-0.9066003673908912,-0.9818243320628478,0.2490274214888092,0.7402973832560725,0.2406995182045496,0.7155405714459963,-0.9494777750789409,-0.9893548515776817,0.27112505042023727,0.7222606376410737,0.2654127734329356,0.7070434793119704,-0.9217861862113808,-0.9842261915684627,0.25681397052486427,0.7338538524519521,0.2492667395134601,0.7122874067412911
-0.9256832363881973,-0.9837785742146846,0.2551717573942883,0.7353297525890942,0.24730406730264626,0.7126573899906137,-0.893687707641196,-0.9852526566905226,0.20493617021276594,0.7848510638297872,0.19783108774235952,0.7576404863621427,-0.9131178279456986,-0.9815775483929485,0.24870638358198377,0.7403682936201487,0.24002232263407083,0.7145169129957335,-0.9514324357555638,-0.988776128965825,0.269529987820943,0.7241402165718026,0.26369778346984846,0.708470963009196,-0.9258785942492013,-0.983766588726543,0.2555542451760394,0.7349527032193433,0.24768225728859586,0.7123135223534525
-0.927772472732333,-0.983818716016791,0.2563343415470566,0.7343100583156722,0.24805563953806709,0.710594413668491,-0.9177142857142857,-0.985867895545315,0.2100336053768603,0.7813250120019203,0.20382017237363148,0.7582110412299091,-0.9162754579788924,-0.9818411660433132,0.2491408330314084,0.7401710243521512,0.24005049948737936,0.713164606298879,-0.952174043331036,-0.988543464438187,0.2730683468690547,0.720675899596997,0.2669498474103761,0.7045280920897379,-0.9278148822775416,-0.9838074818394189,0.25657282248402924,0.7340678986626246,0.24828284254315178,0.7103498442863313
-0.9325671263605774,-0.9839775826424875,0.2574612906092023,0.7334687168263677,0.2484790153768386,0.7078795578763986,-0.8936170212765957,-0.9876416065911432,0.2087623662426812,0.7841712093680597,0.2012847965738758,0.7560833171111544,-0.9205298013245033,-0.9818570339721254,0.24926404527402032,0.740290687422857,0.23944359485601088,0.7111248765945914,-0.9574568857437383,-0.9889888977640064,0.27624556016054613,0.7178359366281464,0.26950743354858087,0.7003266256194624,-0.9327508725505851,-0.9839547576773854,0.2577449302970972,0.7331734076517383,0.24875415800828707,0.7075985296170489
-0.9318817444607624,-0.9845636699971864,0.2577820744809847,0.7332043590809981,0.24833239954755437,0.7063268391175196,-0.8577777777777778,-0.9776951672862454,0.20030522701259063,0.786849802874221,0.18973617636429346,0.7453318877243705,-0.9183670822877965,-0.9826132218246713,0.24957036749356765,0.7399129407576419,0.23908642189660625,0.7088306969187744,-0.9577136625024787,-0.9887919590366016,0.2750824176760772,0.7190707854481238,0.2681537510551608,0.7009591162571203,-0.9323819319448016,-0.984627864714333,0.25828232403174567,0.7327374561393799,0.2488511404344177,0.7059815350619462
-0.9361989853747,-0.9838198928663476,0.2604505240913019,0.7306790639343544,0.25010679426585664,0.7016603209204346,-0.8757990867579909,-0.9782104775150672,0.19968997902799307,0.7867238077869974,0.187435809654228,0.7384457377610407,-0.9225709776273852,-0.9812742558737982,0.25178401062597705,0.737886896432288,0.24008982375847257,0.7036155094903254,-0.9600537489922064,-0.9888690765656238,0.27714881573067185,0.7167913004617905,0.2698112988647767,0.69781424568853,-0.9367204377375152,-0.9838881391830133,0.26113650401482397,0.7300463248919086,0.2508308522304217,0.7012353272138837
-0.9412850228300872,-0.9836898705713132,0.2636757959126929,0.7274767134714305,0.2519708680853551,0.6951830310051361,-0.9021909233176839,-0.9771937445699392,0.21482602118003025,0.7739115817784502,0.20194358852808722,0.7275025677490716,-0.928558994142983,-0.980990928991069,0.2544440586568591,0.7349767884469478,0.2412591533839578,0.6968914058107476,-0.9625808149150503,-0.9888217355142778,0.2807195258030563,0.7136299965970513,0.27219431342657485,0.691957662754888,-0.9416394442730114,-0.9837669829818887,0.2642204878487646,0.7269589485798256,0.2525380369647819,0.6948166182079408
-0.9446276892553785,-0.9836668316481652,0.26663250208707007,0.7247844738516982,0.2532327247834906,0.6883599927149864,-0.9367568934986087,-0.9854835782979495,0.2612690019828156,0.7284864507600793,0.247743795437453,0.6907746302331411,-0.9307398062993407,-0.9808356769081324,0.2540700026235152,0.7357305972955823,0.2390266380860555,0.6921683370437062,-0.9662983776232658,-0.9889069149714382,0.2889242052107628,0.7053609717951012,0.2791179917541578,0.6814207129706965,-0.944725337149708,-0.9836437048706234,0.26670042688541057,0.724737591027036,0.2533023502812642,0.6883293637291595
-0.9504824264555428,-0.983364129379428,0.27384146564859174,0.7176853522063678,0.2571559829218389,0.6739559392077908,-0.9702367002577924,-0.9903655426466421,0.32384638737097754,0.6695886460230722,0.30989904858740647,0.6407509623066309,-0.933271892921778,-0.9800233330638095,0.2540941139642137,0.7352927972471732,0.23519640787428459,0.6806069686160702,-0.9714636659467578,-0.9885151346304056,0.302501637704537,0.6921309177484909,0.2901858036485019,0.6639519974863548,-0.9500300538823175,-0.98323824817786,0.2728765815300285,0.7186134158119686,0.2561576219237667,0.6745844683511327
-0.9575737755050033,-0.9826606906986447,0.2873125312702112,0.7049031691215054,0.2637095794147839,0.6469948158382107,-0.9722311225034711,-0.9832269556182277,0.34038608354237104,0.6531186001139104,0.3133569093809614,0.6012561496669976,-0.9375556989643834,-0.9785314475267973,0.2602018541411124,0.7294207768074038,0.23424003178771335,0.6566423076037132,-0.9681423050590071,-0.9853543768816551,0.3040368494835923,0.6897784907220238,0.2824715885916246,0.6408526676339545,-0.9566439851941851,-0.9826329809932468,0.284498582965127,0.7076487758116549,0.26108554757333763,0.6494122613785914
-0.9747825407692979,-0.9804239119042225,0.32736005439278937,0.6673548497730124,0.2795147886206899,0.5698176893185553,-0.9729810965158124,-0.9746030933551728,0.34232012057774985,0.6519374197028938,0.2766723529927381,0.5269134037718547,-0.962204959665372,-0.9790417536048649,0.291398223924778,0.7015225056590632,0.24691995573589082,0.5944439321283659,-0.9765471493468727,-0.980658874659803,0.33312794769124426,0.6618747229039319,0.2847891176358673,0.565832796760718,-0.9754929442104083,-0.9825141031355448,0.3218139230875497,0.6730705391624209,0.28065183187233084,0.5869804450438301
-0.9194512887240109,-0.9868313065111614,0.25025157831836564,0.7407591516484658,0.2443088337991779,0.7231682840180657,-0.8129353233830846,-0.989237668161435,0.18173598553345388,0.8065099457504521,0.17637767637767637,0.7827307827307828,-0.9047222090655047,-0.9847813284567462,0.24399460999923728,0.7457015206181397,0.23737461183353983,0.725469341314403,-0.9594028623551478,-0.993127147766323,0.2689596550151346,0.7259816726790231,0.265332697027543,0.7161917098445596,-0.9201973808013716,-0.9868059477199855,0.25091417828881213,0.7401232894679316,0.2449697029713113,0.7225888294539364
-0.9198621106411031,-0.9868753366867921,0.2511949631290698,0.7396800206994696,0.24519457428036476,0.7220110049973734,-0.8766700924974307,-0.9850374064837906,0.17856487428886034,0.8095063314369609,0.17248714766885304,0.7819535543343379,-0.9059226920987052,-0.9849721242180711,0.24555607955002934,0.7439676094733089,0.23887925343239827,0.7237386565811411,-0.9581297258371483,-0.9927143019770045,0.26809625594704545,0.7268289319451148,0.26438290031074274,0.7167617480468086,-0.9201526432586017,-0.9868944392082941,0.25188411147253237,0.7390174759175031,0.2458917743692958,0.7214362088221244
-0.9235717662211321,-0.9865430195365533,0.2491155252832623,0.7416617031407599,0.24301628077722856,0.7235031557637015,-0.8501628664495114,-0.9865709655012734,0.17347899792804672,0.8135242041815784,0.1679737370052891,0.7877074594200255,-0.9098063686911492,-0.9846541094641098,0.24346270362442404,0.7459003011283242,0.23666970855210662,0.725088501232184,-0.9618633089797399,-0.9924258203783303,0.2663161598807725,0.7287643255849254,0.26260537076220736,0.7186098883529164,-0.9240378914275471,-0.9865427390058361,0.24980710673886386,0.7410046294382673,0.24370761672412983,0.7229116680444382
-0.9262349037466919,-0.9865981704499673,0.2507883565797453,0.7400832154167509,0.2444429849766029,0.7213578523930712,-0.8701298701298701,-0.9866603144354454,0.18969111237445518,0.7955277619859769,0.18343412131207623,0.7692871541139821,-0.9129611765348282,-0.9846318638290722,0.24537912707540113,0.7442681524324204,0.23833455159085634,0.7229010001279713,-0.9636372961329367,-0.9927774006185411,0.2673980868790071,0.7272328316247815,0.2634704646339074,0.7165510205460479,-0.9266146865300215,-0.9865975709246343,0.2513363348816972,0.7395859358933176,0.24499455759095948,0.7209245302712258
-0.927983903209527,-0.9868601795760615,0.2513959852962257,0.7400806367900824,0.2447870625135367,0.7206247342793657,-0.8673366834170855,-0.9849660523763336,0.19193672839506173,0.7955246913580247,0.1858076563958917,0.7701213818860878,-0.9158732967616351,-0.9852373507882471,0.24584690146329155,0.7444036222284579,0.23850674770240468,0.7221782575206018,-0.9625856359177896,-0.9920526581521028,0.2687259683971685,0.7265798019048654,0.26470155246252675,0.715698608137045,-0.928381997862543,-0.9868777314653574,0.25190823202904933,0.7396029813788462,0.24529816328181892,0.7201958087223885
-0.929097417540271,-0.986747739320237,0.2508188809989146,0.7404127192300354,0.2439206930316392,0.7200493953436157,-0.8937300743889479,-0.9902415223225177,0.18472712995681193,0.8046721633294072,0.17828723001136795,0.7766199317923456,-0.9178940717402256,-0.9848979924968408,0.24542642676624798,0.7445902958520363,0.23776818632148253,0.7213562391385555,-0.9624647153065636,-0.9929195894488736,0.26838157508582505,0.7268067622629147,0.26428878673011263,0.7157230421808211,-0.9293114425173152,-0.9867164508454062,0.25136310806420065,0.7398835801449348,0.2444653014252969,0.7195799886177482
-0.9307653001545253,-0.9869109345358485,0.25147541491206343,0.7401984765915284,0.24427521095285573,0.7190052319015158,-0.8692220969560316,-0.9892775082971662,0.18254784935171847,0.8061329491664951,0.17648229208117788,0.7793473935535217,-0.9199987004865053,-0.9853720716520558,0.24678052662066036,0.7437529689307039,0.2387881679389313,0.719665409917458,-0.9644874077842788,-0.9922457445019526,0.2674095086494833,0.7281347999700687,0.26321956837615423,0.7167259262235257,-0.9311032151832914,-0.9868913857677902,0.25199785979805356,0.739698718218703,0.24479151671457558,0.7185456705453432
-0.9335505500138461,-0.9867748057838611,0.2523191784161795,0.7394373316365669,0.24471631461322182,0.7171566577752144,-0.9090909090909091,-0.986960065199674,0.18361519877004173,0.8084779266417746,0.17700614016514926,0.7793775142917637,-0.9229885761538698,-0.9849422011003972,0.24745823086046892,0.7431515284719827,0.23907842300940357,0.7179857985176127,-0.9688131087195481,-0.9936098590745707,0.2700283012355905,0.7259059846759164,0.2656295622296614,0.7140810353842288,-0.9336716265905606,-0.986773424508257,0.2527873863005333,0.7389668297662472,0.24518057509360114,0.7167300352628454
-0.9373126984836964,-0.9869395464544439,0.25352815435994264,0.7384629777679498,0.24533824953567676,0.7146078697645326,-0.9046199701937406,-0.9887714663143989,0.17945974859588126,0.8098422037978069,0.17258230452674897,0.7788065843621399,-0.9290346488790069,-0.98540567774533,0.2487277522826012,0.7423315058343481,0.2398445271718508,0.7158193944490594,-0.9674573104271552,-0.993226908357721,0.2726931759477457,0.7230183498574047,0.2676641382567864,0.7096843655358284,-0.93743581109521,-0.9869288364926805,0.2539228106576755,0.7380826501398688,0.24572835215754416,0.7142636492766814
-0.9393701158823252,-0.986874831548882,0.25451986633494966,0.7374669005582717,0.24564830026213197,0.7117616916524614,-0.9289940828402367,-0.9876660341555977,0.19270239452679588,0.8012162675788673,0.1857823378526933,0.7724441187248077,-0.9322250973627121,-0.9855216184053947,0.24996774051285234,0.7412005102715841,0.2404211564836387,0.712893125729538,-0.9683271099811975,-0.9930742748685021,0.27480132739498736,0.7208322417256134,0.26938469769930445,0.7066238630283574,-0.9393977613116822,-0.9868718030661512,0.2547375917665769,0.7372423708574519,0.2458593837817305,0.7115477293311576
-0.9432889341799776,-0.9865775442653657,0.25812675491873555,0.7339744822563214,0.24828084161783484,0.7059779689942834,-0.9592476489028213,-0.993963782696177,0.24120982986767486,0.7516068052930057,0.23438648052902278,0.7303453343130052,-0.9359932395726445,-0.9850894098905951,0.2525341828879777,0.7387192658872308,0.24195044156284184,0.7077594428144355,-0.9718176882951354,-0.9933223598069657,0.2825992702726139,0.7132118010392279,0.2765776881246613,0.6980147927642101,-0.9432398420435971,-0.9865526377387805,0.2581824564548415,0.7339164251640724,0.24832612537536458,0.7058985521822632
-0.9464195067303821,-0.9869410558831352,0.2602012233725183,0.7320775470606722,0.2491892375234178,0.7010952654088489,-0.9592875318066157,-0.9894161829976101,0.2849891225525743,0.7080009668842157,0.2753064798598949,0.6839462930531232,-0.9360045507874996,-0.9850764452699802,0.2498615680271001,0.741292110710045,0.23785912412051236,0.7056831251127548,-0.975834253773806,-0.993504211014721,0.29463625336528504,0.7013895052414623,0.28792390644424526,0.6854105833261056,-0.9462853403372863,-0.986918296647323,0.259965469438614,0.7323065357478671,0.2489430065615599,0.7012569443450714
-0.9506919708029197,-0.9864451165796332,0.2643905662358194,0.7278900011733538,0.25155314173348636,0.6925474658132548,-0.9757677041988719,-0.9925759499853473,0.31706186249834417,0.6780368260696781,0.30796448790530107,0.6585820895522388,-0.9375227116095483,-0.9839321929236515,0.25000783183484226,0.7406895147395132,0.23564062626874044,0.6981242941189497,-0.9723024726263302,-0.9915161653750298,0.291952070213775,0.7033624089760291,0.2829025249337572,0.6815605085352127,-0.9502157976579607,-0.9863550667037801,0.2635591483738222,0.7286769349152514,0.25068117723336636,0.6930724772576302
-0.955878054925674,-0.9861829270127538,0.2697550795151069,0.7227578407269227,0.2538998695849834,0.6802767971300167,-0.9835521569759054,-0.9925603593486805,0.32618005553202506,0.6705256717963198,0.317179205564708,0.652022698151199,-0.9485435952542433,-0.9846380687857902,0.25922137463839423,0.7324425711852449,0.24254782785177906,0.6853306557569672,-0.9604001259897254,-0.9872223771999555,0.2766872419326726,0.7163843828321743,0.261444274384305,0.6769180748687398,-0.9552183364059104,-0.986066925736229,0.2686472281871505,0.723783370231702,0.25269803634581106,0.6808134133060538
-0.9631164257363635,-0.9855159818994755,0.28372120863860556,0.7097128445785248,0.26089569808351964,0.6526160977306653,-0.9556565760925716,-0.9788796406865453,0.2987677643194923,0.6927559852329271,0.2647704083028323,0.6139259551047428,-0.9708563889490578,-0.9891558841651263,0.2796143554053012,0.714907112731117,0.26299626088847916,0.6724186147679369,-0.9618264996029063,-0.984893655124464,0.28441740513477237,0.7088323087807856,0.2605488803838879,0.6493465628281294,-0.9642919941908552,-0.986474347589963,0.28148722545779187,0.7122304532180628,0.2602954176947181,0.6586100772913858
-0.9785369829518441,-0.9826480256515875,0.3209635665040739,0.6747854048014824,0.27511321348789103,0.5783908222097441,-0.9730284708528218,-0.9787090516467155,0.32714874468845134,0.6678529347472583,0.27035148204038023,0.5519050084263165,-0.9813252334345821,-0.9890143859231958,0.29613712458148017,0.7005313744107408,0.26704920987802677,0.6317220453043322,-0.9783578259518148,-0.9821840176080138,0.3227018679903708,0.6729827196894769,0.2756480441862573,0.5748537236824671,-0.9824733023559142,-0.9853257212321185,0.3166850759451889,0.6795808216500492,0.2786199601549673,0.5978961303594489
-0.9218002863600753,-0.9890624952475386,0.2502873653890364,0.7410127883232737,0.24454045578963826,0.7239982118988005,-0.875,-0.9974905897114178,0.18353576248313092,0.8066801619433198,0.17859487852921865,0.7849638870650033,-0.9092633214514213,-0.9875348087075466,0.2455802678353483,0.7445828294703055,0.23924559245592456,0.725376520431871,-0.9684537222056885,-0.9954572699454242,0.269510616112658,0.7264331465630837,0.2664876562092836,0.7182851251373735,-0.9220306773449165,-0.9890007537087988,0.250736291812072,0.7405711536977959,0.24498577816599307,0.7235865181890938
-0.9222146860386249,-0.9888378873307311,0.250138963610509,0.7411749736024948,0.24440581328645247,0.7241873460903402,-0.8830645161290323,-0.9940728196443692,0.17186417186417186,0.8184338184338185,0.16807861741782446,0.8004066418163335,-0.9093645333574726,-0.9873928880661631,0.2455809817570478,0.7445681019271115,0.23921028342206907,0.7252530119177478,-0.9701807737793546,-0.9948807591459607,0.2687583717392785,0.7273140054941313,0.26596868049158595,0.719764542002741,-0.9223887554232851,-0.9888003785787522,0.25064652315462854,0.7406740017929643,0.24490028890313403,0.7236935694904241
-0.9260347436702979,-0.9890896876855623,0.2509131766111322,0.7404135885120717,0.2449858752468851,0.7229228591188669,-0.9228070175438596,-0.986223662884927,0.185546875,0.8033854166666666,0.1824,0.78976,-0.9146662484737826,-0.9876931308942546,0.24667046132761555,0.7436006543027034,0.2400831535974957,0.7237428800404473,-0.9688105875410942,-0.9949322223604029,0.2682753084046631,0.7273714085414805,0.2653766567865332,0.7195123315250825,-0.9260511078102625,-0.9891110587410643,0.2513621252059676,0.7399810856311162,0.2454127939719114,0.7224669411204876
-0.9266933108960875,-0.9887187799307449,0.24950141702529652,0.7420248591721773,0.24335288471792685,0.7237389356937187,-0.8914728682170543,-0.9900744416873449,0.17403035413153456,0.8155143338954469,0.1700164744645799,0.7967051070840198,-0.9149342572850035,-0.9871880879114469,0.24480341889636198,0.7456434626112582,0.23799430175334732,0.7249036636871568,-0.9707252162341983,-0.9951728696828545,0.2688188870754991,0.7271456996579401,0.2657589956679339,0.7188688002829104,-0.9268533192463462,-0.9887090502720335,0.24999394714426265,0.7415452610541654,0.24383070532292864,0.7232635273660144
-0.9309048017914836,-0.9888067563550088,0.2503161097216309,0.7412457397395384,0.24397608576427338,0.7224714157319303,-0.8778359511343804,-0.9909203466776723,0.18973509933774835,0.802317880794702,0.1858579305870905,0.7859228024651314,-0.9206832512740779,-0.9873635595847722,0.24577269687609465,0.744666114702417,0.23875333513785235,0.7233981671242411,-0.9697317693380363,-0.9949576258315361,0.2692210014906421,0.7270137470325181,0.26608608346429197,0.7185481054653396,-0.9311659866867081,-0.9887918706181911,0.25071008503793224,0.7408485704626159,0.24435214412841263,0.7220608482487659
-0.9314258139128554,-0.988319056938949,0.2513688287677822,0.7405290434302494,0.24475478906137044,0.721044175234744,-0.9242424242424242,-0.9853599023993493,0.1750082863771959,0.8150480609877362,0.17153996101364521,0.7988953866146848,-0.9216307185773155,-0.9868570591885542,0.24722943038384865,0.7436040347270648,0.2399232197394704,0.7216287880693739,-0.9690597051003143,-0.9945564066334498,0.2686509010227826,0.7276908923643054,0.2652801675768684,0.7185606343981447,-0.9314575098401344,-0.9883397512101063,0.25185370709849325,0.7400558585142141,0.2452165929969733,0.72055312722213
-0.9351037678823292,-0.9886929858183212,0.2515122152940509,0.7404179065750959,0.24445963731509138,0.7196560719380236,-0.9155470249520153,-0.9920212765957447,0.18600499821492325,0.8054266333452339,0.18229531140657804,0.7893631910426872,-0.9249780327438365,-0.9873147830531959,0.24751883684071058,0.7433589824356147,0.23973433607019803,0.7199802422742692,-0.975103734439834,-0.9947280063617353,0.26863304109236674,0.7278086214657778,0.2651012745253583,0.7182399915384209,-0.9351862343590657,-0.9886723011316679,0.25188628278442043,0.7400466856263315,0.24481166656759595,0.7192613287364521
-0.9379927733030029,-0.9890146076739683,0.251983318483222,0.7400912063294619,0.24455330888613888,0.7182687904693785,-0.9333333333333333,-0.9889783806697753,0.17640954686959529,0.8159806295399515,0.1720647773279352,0.7958839406207827,-0.9296227796401186,-0.9875597623991886,0.24826497668300848,0.7428076049264618,0.2400793696679286,0.7183163084778924,-0.9721599622507963,-0.9955645745760255,0.26839255749158336,0.7281035956645172,0.2646884334766182,0.7180549339605949,-0.9380112325510941,-0.9890148342151862,0.2524117079598127,0.7396610275836647,0.24496215191752202,0.717831032763614
-0.9409607654377237,-0.988474712875277,0.2532027367234119,0.7387739077202469,0.24512202151498338,0.7151966682758472,-0.9122486288848263,-0.9899817850637522,0.19826023921710764,0.7959405581732512,0.19166082690960057,0.7694463910301331,-0.9331421726979057,-0.9872703584254544,0.24936698835801646,0.7416000090511048,0.24051033480355036,0.7152609398767811,-0.9742608695652174,-0.9941703582920881,0.2709537572254335,0.7256953170813437,0.26692043450004643,0.7148928707744046,-0.9410766461057167,-0.988466331006676,0.25348624951372056,0.7384789179160307,0.2453982842471582,0.7149163307948303
-0.94376156672099,-0.9886079492885306,0.25372140614487554,0.7385379289078269,0.24508060080389255,0.7133860799661519,-0.9294781382228491,-0.9957464908549554,0.23064411190631098,0.7648015614834093,0.22380050505050506,0.7421085858585859,-0.9355831088373516,-0.987266188484329,0.24880272502954864,0.7425557512543636,0.2394124911749566,0.7145304466540116,-0.9792196308168454,-0.9953079012099928,0.2775068249440201,0.7191088207928182,0.27311423281275155,0.7077262115601353,-0.9438318425015441,-0.9885679114251702,0.2538463706537861,0.7383957102441877,0.24519530990782823,0.7132312529883088
-0.9473242916301308,-0.9880052197851308,0.2568431954364998,0.7356967310806257,0.24722299580996746,0.7081408154740053,-0.963923337091319,-0.9923371647509579,0.2728391264226392,0.7225469086434944,0.2667669172932331,0.7064661654135338,-0.9379321091436961,-0.9865836757120247,0.2478761056549767,0.7436893045986709,0.23743649360992813,0.7123678998930931,-0.9807042089308616,-0.99436998959672,0.2947372038281129,0.7019209291936565,0.28965342564059265,0.6898138376461649,-0.9472295174828776,-0.987982362150955,0.2567572481133915,0.7357673860514929,0.24711962599280046,0.708149672870957
-0.9509626479701512,-0.9880846838540374,0.26066464315813903,0.7319182005838453,0.24976519640114112,0.7013137297929924,-0.9814814814814815,-0.9950372208436724,0.3840487680975362,0.6141732283464567,0.3772455089820359,0.6032934131736527,-0.9403828444213971,-0.9860491088272136,0.2502293177740291,0.7412109768266,0.23823896531011302,0.7056940320443731,-0.9710597826086956,-0.9926390145734005,0.28309053319871147,0.7119476897927784,0.2750425082680917,0.6917076178553411,-0.9506899506544928,-0.9880494375897603,0.2599184985046795,0.7326302434139081,0.24901330602081992,0.7018918624603041
-0.9557416582167418,-0.9880402107508808,0.26388342030689377,0.7291485279193447,0.2511065405617202,0.6938441384023335,-0.9861278648974668,-0.9942427634735327,0.3455246431176409,0.6515577784724393,0.3390593047034765,0.6393660531697342,-0.949529459649469,-0.9861015083122316,0.2610175166361362,0.7310402776391657,0.24686159345494182,0.6913933215804842,-0.9603514552443713,-0.9895132740401668,0.2660510917445267,0.727717673185235,0.254352107495542,0.6957179638794866,-0.9552028916538784,-0.9879655785527905,0.26278251217164655,0.7301948165998075,0.24995689730063497,0.6945562293090337
-0.9594011695476616,-0.9877083890331094,0.27117514502926743,0.7221815989406666,0.2550329201715129,0.6791923428383982,-0.9763250883392226,-0.9913591981335867,0.3269408502772643,0.6684958410351202,0.31275902083218216,0.6394982593800077,-0.9649520035849902,-0.9884503097916114,0.27784039527660187,0.7160260022804419,0.26357374644104886,0.6792592408399747,-0.9580585537274947,-0.9875360803268166,0.2696107307814761,0.7236263913732933,0.2530495815035844,0.6791768078785306,-0.9589493989086502,-0.9876340263159747,0.2699460314186518,0.7233648691144137,0.2537825425532297,0.6800521375060893
-0.9677927225938446,-0.986828445055868,0.2842513093524853,0.7100603477749242,0.26096423309025724,0.6518891840005673,-0.9555023402634157,-0.9793543823069476,0.297065880268255,0.6947726493736621,0.2602874012624803,0.6087557655911785,-0.981716855690262,-0.9931026185988692,0.2900079392083475,0.7070715662923897,0.27717406032356845,0.6757811441424352,-0.9665532337096058,-0.9862844865200318,0.28374992745668703,0.7103206599651051,0.25961270147555743,0.6498971368920994,-0.9705558464949418,-0.9883794376312287,0.2815210921396369,0.7133174788637692,0.26111688334924427,0.66161734278532
-0.982367076550052,-0.9840213793436318,0.3182878385408592,0.6781170220462838,0.2726458457838081,0.5808760707408309,-0.9755344449262223,-0.9797436586896119,0.3261887005940289,0.6694525162650757,0.2692194768213092,0.5525318806487557,-0.9896252107379069,-0.9933049645390071,0.3037261698440208,0.6942256184023948,0.28155694307518164,0.6435535107897907,-0.9820509779336598,-0.9835862413769261,0.31895380801919593,0.6773803047280038,0.27227055903601116,0.5782364392939853,-0.9871527042821251,-0.986835289509924,0.31297813263284024,0.6839399281072861,0.27509810374946203,0.601162054735563
-0.9244633551656547,-0.9902628383947896,0.2514614083017008,0.7401653607912794,0.2458748056787359,0.7237214468962964,-0.9205298013245033,-0.9942979330007128,0.17527568195008705,0.8142774230992456,0.1712989222915485,0.7958026091888826,-0.9141693337212685,-0.9892160848773499,0.24729732160523807,0.7432734337056823,0.2411870585634739,0.7249085110190276,-0.9718649517684887,-0.9957145378002975,0.27259778678645774,0.7243891749753478,0.27004341534008686,0.7176013024602026,-0.9244776047789267,-0.9902397190345897,0.2518579835893222,0.7397795797029643,0.24626318961137172,0.7233460552279898
-0.924354461480309,-0.9903165074924108,0.2522909669594138,0.7392216523571257,0.24663225114783136,0.7226414104924604,-0.9035369774919614,-0.9930362116991643,0.17630385487528344,0.8140589569160998,0.17374301675977655,0.8022346368715084,-0.9140170817483672,-0.989181860143088,0.2485293015921715,0.7419811707793899,0.24230377272521747,0.7233949309765539,-0.972387113986527,-0.996206354356453,0.27137633941500144,0.7252208224732117,0.2689568571172302,0.7187550452955422,-0.9244312186562652,-0.9903006710865113,0.25269253699148875,0.7388261587271153,0.24701434403425232,0.7222241745883924
-0.9269158439116126,-0.9902436302622821,0.25108084578949696,0.7404730636998126,0.24534994376676184,0.7235718199382877,-0.8741721854304636,-1.0,0.1745664739884393,0.8179190751445087,0.17178612059158135,0.8048919226393629,-0.9172490674441538,-0.9889016219609037,0.2472927122358097,0.7432706580900544,0.24101477730701665,0.7244015018428577,-0.9716762623254582,-0.9971929478971733,0.2702494858267012,0.7263167307520343,0.26764080765143466,0.7193057031526745,-0.9271037297412065,-0.99018829810259,0.25147348906192063,0.740075639599555,0.2457247863842417,0.7231574553928559
-0.9310865600204463,-0.9900212372566646,0.25048377569103536,0.7412782153987622,0.244480104518731,0.7235110341105967,-0.9475409836065574,-0.9901338971106413,0.17589388696655134,0.8183391003460208,0.17309875141884223,0.8053348467650397,-0.9217386376515925,-0.9887950717068528,0.2463303808865716,0.7443900021637316,0.2397130941545651,0.7243931099126513,-0.9736689254598258,-0.996332223348294,0.27132325903097587,0.7256649564867184,0.2688330615219126,0.7190048232069121,-0.9310280504581808,-0.9900206061850135,0.2508620513165476,0.7408874083476399,0.24483912219405815,0.7230994953300907
-0.9301352512778758,-0.9896354221051695,0.2527337475634921,0.7390207096025563,0.24647751883534438,0.7207268227010846,-0.9627329192546584,-0.9959294436906377,0.17869034406215317,0.8179800221975583,0.17509516041326809,0.8015225666122893,-0.9208658818351854,-0.9883498554125593,0.24911351466169665,0.7416601857593624,0.24221992737932643,0.7211366134781305,-0.9730211249681853,-0.9962465851051193,0.2709515025084909,0.7257383238797993,0.2682964303395531,0.718626764771156,-0.9300161169500375,-0.9895993372202926,0.2531170636972685,0.7386119442433435,0.24684530213376368,0.7203105388201542
-0.9346868693625894,-0.9897688547011131,0.25109954562379444,0.7410055628189802,0.24452290076335878,0.72159760087241,-0.9314641744548287,-0.9928469241773963,0.18608695652173912,0.8104347826086956,0.18135593220338983,0.7898305084745763,-0.9259941988126542,-0.9883909579262358,0.24732156026657012,0.7438486396610215,0.24012680392909916,0.7222095649739948,-0.9749890027021931,-0.9969148786986397,0.27023860066230787,0.7266027001783136,0.26720287470195114,0.7184404070255567,-0.9346984446682332,-0.9897525105969219,0.25141503595260334,0.7406686396525144,0.24482919212119553,0.7212667451990248
-0.9369133119976024,-0.9894658742810128,0.2534720243957362,0.7386492814489852,0.24652874897749164,0.7184157057286856,-0.9583333333333334,-0.9971367215461704,0.19343696027633853,0.8042602187679908,0.18865805727119594,0.7843907916900618,-0.9278826759665308,-0.9881929533796577,0.24931059765505875,0.7418845178076681,0.24168535332727392,0.719193742668172,-0.9787696019300361,-0.9961451091071797,0.27472618515020464,0.7221255654421633,0.27177209172717887,0.7143606471388529,-0.9368359991835945,-0.9894263109122391,0.25375628318777055,0.7383386215694613,0.24680200111880252,0.7181041864953643
-0.9411946638075012,-0.9898621004792655,0.25378660031449257,0.7386310416192442,0.24637603854721501,0.717063035466181,-0.967032967032967,-0.9944789510006902,0.19945205479452055,0.793972602739726,0.19601507808292945,0.7802907915993538,-0.9331025951794885,-0.9888109996999929,0.25055020051404225,0.7408876463940344,0.24238542168273322,0.7167440465914976,-0.9793692897141173,-0.9953117469219647,0.2702552011979482,0.7271481823684965,0.2671232876712329,0.7187214611872146,-0.9410973363412464,-0.9898382812666899,0.25404728980119773,0.7383655206137053,0.24661470694820872,0.7167633893252893
-0.9425172074729596,-0.9896659448691756,0.2549651773223893,0.7375011908403071,0.24700293391882178,0.7144699516194843,-0.950530035335689,-0.9965156794425087,0.24640835872877667,0.7496734871571615,0.24208725406330198,0.7365269461077845,-0.933986840989228,-0.9883109054771757,0.24943858259862964,0.7420925530210755,0.2407167045358425,0.7161445192753619,-0.9792394762923166,-0.9965052934525644,0.2818477190196857,0.7151678207559653,0.27828826082538577,0.7061359578452293,-0.9424723633990547,-0.9896256124957685,0.2550147384771333,0.737430688812626,0.24703100650223012,0.7143439880018955
-0.9458666592865248,-0.9896860129507915,0.2580148383703023,0.7347944788123592,0.24924925615426005,0.7098311803578737,-0.9803343166175025,-0.9964819700967458,0.3079951544518474,0.6886735311932163,0.3032200357781753,0.6779964221824687,-0.9353410528364309,-0.9881204746870613,0.25075409836065576,0.7409500571864277,0.24092812537546118,0.7119154161062222,-0.9789176183019517,-0.9954689210558326,0.28382040497766986,0.7129167931318562,0.2795686295446052,0.7022369334258716,-0.9455402208936321,-0.989635581024237,0.25761890481616984,0.7351598392610807,0.2488297941364576,0.7100786007582007
-0.948592261800928,-0.9896725040356112,0.2576582609887702,0.7350672057207451,0.24799434154487074,0.7074972367444848,-0.9743589743589743,-0.9958830794565665,0.3093484419263456,0.6881019830028329,0.304857621440536,0.6781127861529872,-0.9368040326944437,-0.9875903854663574,0.25232106927277953,0.7388868927852831,0.2411317321063746,0.7061204868920288,-0.9672263989555666,-0.993198343228399,0.2665714611447464,0.7286882639193073,0.25967664628657605,0.7098408950094107,-0.9483444874955971,-0.9896260383972106,0.2572449240792213,0.7354427598330038,0.24755032862109932,0.7077266831613023
-0.9531182103484349,-0.9892148070040717,0.26071048695188803,0.7321733146756906,0.2495356472324575,0.7007901527093101,-0.9937434827945777,-0.993140617344439,0.3183930942895086,0.6776228419654714,0.31176853055916776,0.6635240572171651,-0.9460937072877371,-0.9867740756214748,0.26143071535767887,0.7298125253102742,0.24779852060584712,0.6917567579772581,-0.9586725650964739,-0.9911241848089759,0.2601437975139074,0.7340308287475071,0.2509265519971941,0.70802312673785,-0.9528022641937864,-0.9891917130702452,0.2603436736641423,0.7325202101987345,0.2491488678174041,0.7010217627174807
-0.9581053823047119,-0.989215790030691,0.26545222718929423,0.7279703079948459,0.25239813203919054,0.6921710466074535,-0.9914346895074947,-0.9991126885536823,0.38268232723299644,0.615678776290631,0.3748996521273749,0.6031576130586032,-0.9532401777071803,-0.9870835412162536,0.2691899114748622,0.72312677467847,0.25432383982224915,0.6831919406150583,-0.9601152454091519,-0.990071405796994,0.2639382770173359,0.7299321826575955,0.2516110890394349,0.6958408362700128,-0.9577631009888506,-0.9891564148562972,0.264619735576177,0.7287677291207597,0.25155399188291633,0.6927844252304481
-0.9635877778426375,-0.9888198666871538,0.27156907988600293,0.7221920829120679,0.254979137484227,0.6780739341759926,-0.9693877551020408,-0.987572578180707,0.31268641187486995,0.680932232780745,0.2905200747567184,0.6326609525037056,-0.9751682403881267,-0.9918879967057854,0.28161130617461694,0.7135406719652118,0.2686351724427877,0.6806620233473941,-0.9619435597363158,-0.9884075774050127,0.27020103469324447,0.7233706583410885,0.25315197743926676,0.6777276511486623,-0.9634130860353709,-0.9888504632729962,0.2704977436080945,0.7232671325840341,0.2540430717840436,0.679270006585692
-0.9708488273358123,-0.9878690668259665,0.28510536702317707,0.7098942489740447,0.2610020068259594,0.6498784135528767,-0.9535252017664078,-0.9789468030827896,0.3034629994177503,0.6883300524024731,0.2616230429066571,0.5934265567108881,-0.9907861792689033,-0.9946310976888554,0.29459491355402134,0.7033988316516198,0.28426236975459773,0.6787280077435518,-0.9696106480905585,-0.9874673915480886,0.2845361554525183,0.7102838636604962,0.2596823663753491,0.6482416767747573,-0.9749728122960922,-0.9897637974885662,0.2810578845162434,0.7146487133038413,0.2608545999901657,0.6632776182857316
-0.9847962753505011,-0.9830063033122395,0.31962547677165687,0.6771320555899638,0.27275075271851557,0.5778271485659486,-0.9754206222389322,-0.9773516283683253,0.33306201671727764,0.6627899696334095,0.2695635649585102,0.5364287071641224,-0.9952012796587577,-0.9943447258421441,0.3153956108635332,0.6839317245438493,0.2963811630847029,0.6426991150442478,-0.9844424297370807,-0.9826113026532753,0.319771318571089,0.6768976093977399,0.2720132184120643,0.5758024143330991,-0.9903769494370236,-0.9860577443877323,0.31213027438824736,0.6851323917836327,0.2746838993241919,0.6029368259688568
-0.9266104919815167,-0.9903136883164995,0.25195787743526116,0.7394733873696763,0.2464340877569033,0.7232615685285588,-0.8787878787878788,-0.9975728155339806,0.1659959758551308,0.8289738430583501,0.16336633663366337,0.8158415841584158,-0.9176615268186548,-0.9890600807168058,0.24879614767255218,0.7417895623767317,0.2427425243752899,0.7237405908855016,-0.9754335260115607,-0.9979206777050443,0.27072795864188903,0.7257230683247171,0.26873040969737316,0.7203683670355885,-0.9267369906056623,-0.9902809548305187,0.2523034857665208,0.7391135523431244,0.24676598808459463,0.7228916615898284
-0.9230633999776254,-0.9901720967820667,0.25119231139801523,0.740168449111989,0.24559317044450987,0.7236699048179767,-0.8765432098765432,-0.9976076555023924,0.16167664670658682,0.8343313373253493,0.1592920353982301,0.8220255653883972,-0.913359725721213,-0.9889658663123596,0.24797670213015807,0.7424082294088635,0.24184910829221812,0.7240630540247104,-0.975455103293107,-0.9974162170377688,0.2701030358277396,0.7269964918096186,0.2679932028723346,0.7213177657183577,-0.9231841561313272,-0.9901382282591521,0.25155384652591356,0.7397881448160778,0.24593904428628852,0.7232757193861868
-0.9288288713662906,-0.9907488583983692,0.2525850039952772,0.7391183357384504,0.2466881503339028,0.7218628669047988,-0.9368421052631579,-0.9950920245398773,0.18793273986152326,0.8061325420375866,0.18500486854917234,0.7935735150925024,-0.9197759103641456,-0.9896425746676208,0.24926106081411314,0.7415272185630833,0.2427954805128856,0.722292751047353,-0.9773705817562832,-0.9973701018146297,0.272036391370669,0.7250217912399215,0.2698897416495514,0.7193006161496055,-0.9288048368509954,-0.990729736154029,0.2528458983938436,0.7388479100807868,0.24693509217137757,0.7215757816733129
-0.9309925093632959,-0.9906792213288192,0.25112669984716074,0.7408394403730846,0.2450618582327858,0.722947779031302,-0.9101123595505618,-0.9951865222623345,0.1755424063116371,0.8195266272189349,0.17315175097276264,0.8083657587548638,-0.92234732930279,-0.9895027045029821,0.24789059026807034,0.7431034561779009,0.24124442462087423,0.7231801962533452,-0.9777844491143801,-0.9977697654536669,0.2702198426218869,0.7274816797815095,0.26801662867104736,0.7215502212686067,-0.9310506713404901,-0.9906593202237938,0.25142825666126317,0.7405255040211524,0.24534568086094827,0.7226106420637571
-0.9303048216694708,-0.9910761512236251,0.2546925066594603,0.7371694398332239,0.24825211665098776,0.7185286923800565,-0.9680851063829787,-0.995079950799508,0.18613861386138614,0.804950495049505,0.18359375,0.7939453125,-0.921151327004863,-0.9900081130705837,0.25138714712330495,0.73950955890977,0.24433307903436544,0.7187584949008673,-0.9800897911380051,-0.997557003257329,0.27430927393446136,0.7232812165345899,0.2719791887874283,0.7171373964748354,-0.9301968533860302,-0.9910590314301342,0.25496085574761645,0.736904115960003,0.24850222494201551,0.71823696954587
-0.9372420472323624,-0.9905675288455165,0.25289292321837004,0.7390321377298984,0.24610572480455287,0.7191978233128474,-0.9593908629441624,-0.9952774498229043,0.1874405328258801,0.8058991436726927,0.18359739049394222,0.7893755824790307,-0.9288811795316565,-0.9895312900094683,0.24947012381440203,0.7415131497606726,0.2420649882602958,0.719502476477746,-0.981729139197589,-0.996737820012765,0.2728090234063873,0.7245959764651474,0.2700956450956451,0.7173890923890924,-0.9371768433007561,-0.9905471006329244,0.25315315996943305,0.7387662765096202,0.24635264233254184,0.7189206103778968
-0.9388888079383351,-0.9906044347466535,0.252827450026893,0.739495148206273,0.24583228856968872,0.7190349965970556,-0.9607843137254902,-0.9932810750279956,0.18545454545454546,0.8118181818181818,0.18361836183618363,0.8037803780378038,-0.930769498244028,-0.9895317830901618,0.24871358026826715,0.7426987572536776,0.24104130783704839,0.7197881176583983,-0.980919809198092,-0.996962899050906,0.27650308580529565,0.7210581325900856,0.27402767159099317,0.7146028066194786,-0.9388235294117647,-0.9905924739791834,0.25310158093702145,0.7392008759145687,0.24608086772951066,0.7186963917729691
-0.9404108732793466,-0.9909543193125283,0.2552997581508826,0.7370156811847061,0.24781761603811256,0.7154157544714775,-0.9899497487437185,-0.9982094897045658,0.2621870882740448,0.735836627140975,0.2597911227154047,0.72911227154047,-0.9314812295973884,-0.9898984140738123,0.2489260577537572,0.7424189200055866,0.24073839101160388,0.7179993041769847,-0.9802686499203157,-0.9966683119447186,0.2882423712129498,0.7090889204856174,0.28525967137878033,0.7017513476067803,-0.9401354843215308,-0.9909151158346918,0.2552624823514311,0.7370220624937606,0.24775413875200708,0.7153431426831294
-0.944981709344862,-0.9906148433418555,0.25597589212748567,0.7365125306456006,0.24790431404620733,0.7132883967260472,-0.9891745602165088,-0.9987937273823885,0.3072765072765073,0.6893970893970894,0.3041152263374486,0.6823045267489712,-0.933808792994493,-0.9887705923057313,0.24937189889148034,0.7417716503525471,0.24022988505747125,0.7145781826068098,-0.9762506316321374,-0.9965084476170155,0.2764661507082786,0.7201950210946886,0.2722445386012216,0.7091977108897816,-0.9445429630823795,-0.9905516653388682,0.25555231310617116,0.7369015535147198,0.24745023469808386,0.7135386886161457
-0.9482555860446884,-0.9899331093287408,0.25785656991189687,0.734604774916364,0.24886630056802983,0.7089924944534483,-0.9857288481141692,-0.9978700745473909,0.34169278996865204,0.6541274817136886,0.3378099173553719,0.6466942148760331,-0.9351096296616956,-0.987297598049977,0.25669789201142335,0.7339678412285673,0.24555538429648843,0.7021084353358242,-0.966727493917275,-0.9936689844621855,0.25950246243212527,0.7355095340320748,0.25367238612516974,0.7189853104554993,-0.9477848911651728,-0.9898663921401876,0.25706433191251254,0.7353652716291164,0.24804596313929003,0.7095670788062034
-0.9508377242318394,-0.9905332912590723,0.2603477880225529,0.7326761058345895,0.2502133131080905,0.704155457852885,-0.9872262773722628,-0.9981015662078785,0.34069008392912653,0.6549580354367424,0.3372307692307692,0.6483076923076924,-0.9383108144479733,-0.9865774442278111,0.264354730835456,0.7262177507719892,0.25079652230262445,0.6889715412031537,-0.9606773641149235,-0.9935107073329007,0.2572845899035611,0.7376133415285536,0.24975711238304432,0.7160326947853085,-0.9503592893388836,-0.9904655980438769,0.2595430542755374,0.7334545545121678,0.24936730066231505,0.7046984282731347
-0.9558775394418138,-0.9904786738096367,0.26407777060667526,0.7292895998524802,0.2523930164674781,0.6970204328908961,-0.9880715705765407,-0.9980525803310614,0.3284361736859288,0.6705843943845903,0.32493540051679587,0.66343669250646,-0.9423845812117692,-0.9861869249891084,0.2702056344010563,0.7206160721705648,0.2542663005699986,0.678107187543445,-0.9622060874164543,-0.9923917886150999,0.2612983880086944,0.7332236056840598,0.2515238740264138,0.7057955589956945,-0.9555202541699762,-0.9904167098166987,0.2635047338877762,0.7298123014223465,0.25176922820544156,0.6973092177622735
-0.9605118756355655,-0.9893452623017487,0.2669015333516067,0.7268774554855076,0.25329623527851597,0.6898248978613363,-0.9889196675900277,-0.9985775248933144,0.33849038912330054,0.6591654946085326,0.3314967860422406,0.6455463728191001,-0.9540306146628121,-0.9861353077816493,0.27484923084938717,0.717752334805205,0.25770010502918833,0.6729684179673189,-0.9622602914855536,-0.9901664917868385,0.2648356373559774,0.7292494066422214,0.2521338868975476,0.694273962711777,-0.9603038570370896,-0.9892970224911181,0.26648882546426556,0.7272678131748439,0.2528594436010012,0.6900722169791966
-0.9640596208928539,-0.9897830826857494,0.27535849653748484,0.7188568299587311,0.2578852776784538,0.673240867945123,-0.9581812147361434,-0.9813606710158435,0.31659136282441946,0.6764736786802564,0.287116447493806,0.6134934248141796,-0.9787653856995208,-0.9936195959077408,0.2796080285834384,0.7164512400168138,0.2677618999698098,0.68609741370635,-0.9624784053827425,-0.9893789997721313,0.27490925047978515,0.7191111407360501,0.2568665206514631,0.6719147368093256,-0.9642257510810126,-0.9899769082837064,0.2743486943006248,0.7198948029356362,0.2571454069203718,0.6747531367431898
-0.9728913595497907,-0.988743003609353,0.28770784947218514,0.707755682309008,0.2621001650380217,0.6447612794718783,-0.9576402230448433,-0.9785534062237174,0.3073743338614432,0.6850064813481204,0.25970185579555827,0.5787648311530271,-0.9918789221114802,-0.9956308028399782,0.29673037953885756,0.701955200175256,0.2870311506675143,0.6790103835558381,-0.971965811965812,-0.9884207375391512,0.28728205075186997,0.7080294234715768,0.2609951393617771,0.6432432432432432,-0.9763092400264631,-0.9907690378143356,0.2836407719275253,0.7124602732544805,0.26264373046934253,0.659719061921665
-0.9879074052746747,-0.98316509698662,0.3185165485175573,0.6782049283310254,0.2701113668885709,0.575137653207242,-0.9792790848262465,-0.9740168846507152,0.33480271715565835,0.6608180372886255,0.2644074374222415,0.5218751070071109,-0.9989506820566632,-0.9950775289195176,0.31904921325744895,0.6801138265818547,0.3057917535697096,0.6518530402695332,-0.9875958435714497,-0.9828286198937738,0.3185015463528702,0.6781511654220412,0.2692250981329826,0.5732321119014885,-0.992224454091881,-0.9872584038753242,0.3109485815602837,0.6862843864173651,0.27305861745607674,0.6026586929469147
-0.9214329675926909,-0.9912913441238564,0.2544291152568914,0.7366073598099301,0.24881977081903153,0.7203675344563553,-0.944954128440367,-0.9923809523809524,0.17084639498432602,0.822884012539185,0.16899224806201552,0.813953488372093,-0.9116024820250173,-0.990417131684722,0.25165759892922207,0.7384587738105566,0.24553066715032798,0.7204800338562921,-0.9827877670201322,-0.9973325601623659,0.27320821262123696,0.7240626443296805,0.2715209680784477,0.71959107031087,-0.9213784301212508,-0.9912871345416547,0.25471805458476243,0.7363091077553277,0.24909259504570141,0.7200476884355543
-0.9309236268268437,-0.991973185787304,0.25372149181647435,0.738068151328146,0.24801846460513546,0.7214782175361293,-0.9655172413793104,-1.0,0.17928902627511592,0.8191653786707882,0.17873651771956856,0.8166409861325116,-0.9220020138019106,-0.9911296373488954,0.2511208826449747,0.7397517098471159,0.2449027462018693,0.721434328124812,-0.9862846693081377,-0.997725851384388,0.2711458204206438,0.726788149250031,0.26927653986622346,0.721777668349132,-0.9308385455316442,-0.9919421351881993,0.25398081883437534,0.7377856038943905,0.24825513458886445,0.7211531375996126
-0.9304543372339983,-0.9912987640781813,0.2552361516344871,0.7366007132114177,0.24939891050906957,0.7197546827857317,-0.9130434782608695,-0.9962121212121212,0.17719568567026195,0.8135593220338984,0.17397881996974282,0.7987897125567323,-0.9219779155366137,-0.9904040236921346,0.2523434158264589,0.7386739993889399,0.2460130703379582,0.7201434520228046,-0.9824665676077265,-0.9974036236383135,0.2745481989148615,0.7227593521804757,0.272403464745406,0.7171132518416579,-0.9304961282377742,-0.9912799750856431,0.2555062555329202,0.7363343537015903,0.2496586870655425,0.7194824549519035
-0.9321051542123784,-0.9910456300958375,0.2547216568771157,0.7372217359668456,0.2486246133735442,0.7195755214632364,-0.9099099099099099,-1.0,0.17209302325581396,0.8186046511627907,0.16946564885496182,0.8061068702290076,-0.9246712510556159,-0.9900039458108641,0.251865671641791,0.7392678302299577,0.24520186482393033,0.7197084437712987,-0.9769847050254916,-0.99801893022232,0.2734406118059428,0.723811041185374,0.2715048447696263,0.7186869685584338,-0.9321562688022573,-0.9910116876776843,0.25500362408934835,0.7369440197235111,0.24889235440527951,0.7192828446610966
-0.935292564534801,-0.9913910348985572,0.2545244950813401,0.7373699256127001,0.24813534380228597,0.7188602414981756,-1.0,-1.0,0.16253869969040247,0.8312693498452013,0.16030534351145037,0.8198473282442749,-0.9271157085577356,-0.9902928250615753,0.25103633114949375,0.7399523525908279,0.24408026174826997,0.7194487071836002,-0.9839164785553047,-0.9988046076939796,0.27744940697537873,0.7203976983598857,0.27533698481140506,0.7149127918269044,-0.9351542782707808,-0.9913585025157454,0.25483270314987994,0.7370553057297421,0.2484262260268085,0.7185257846116507
-0.9345482186793623,-0.9917433146264227,0.2537240710758315,0.7388709276299428,0.2470606840859333,0.7194664505320174,-0.9333333333333333,-1.0,0.16371077762619374,0.8321964529331515,0.16150740242261102,0.8209959623149394,-0.9264140324547416,-0.9908305637299617,0.25070401006484533,0.7411712140719707,0.2434198884620434,0.7196367310359787,-0.9817612631005853,-0.9976419930285011,0.2727981583246695,0.7243427892469925,0.2705479452054795,0.7183679481514215,-0.9345511419462212,-0.9917085721775,0.2540601948078412,0.7385224355055631,0.24737599206349206,0.7190922619047619
-0.9416249015880331,-0.9915417457944429,0.25769976841313513,0.7348132459769204,0.25034973103159835,0.71385511761058,-0.9863013698630136,-1.0,0.27238805970149255,0.726679104477612,0.2711234911792015,0.72330547818013,-0.9327008459129784,-0.9905033541006071,0.2520719330384228,0.7393458169630498,0.2439836485230648,0.7156222740411752,-0.9827641926101476,-0.9972144846796658,0.2872659755531487,0.7110010830883491,0.2845800122624157,0.7043531575720416,-0.941372984454958,-0.9914971397623803,0.2576214355361869,0.734856625475096,0.2502416159273219,0.7138059340871751
-0.9436913451511991,-0.9916484234602189,0.2578464463532089,0.7347116127886153,0.2501548795200365,0.7127951444688214,-0.9813780260707635,-0.9981203007518797,0.33499688084840923,0.6637554585152838,0.3316862260654725,0.6571957998764669,-0.9304014106420496,-0.9898252323564727,0.2531143753527875,0.737965843605193,0.2441192109994176,0.7117400551996557,-0.9775429326287979,-0.9966986942596698,0.270739078342662,0.7258453890309544,0.26696760769515615,0.7157341609211617,-0.9433107002463934,-0.9916031086923619,0.2572480597650429,0.7352619559116685,0.24953535088048662,0.7132176247512485
-0.9470165348670021,-0.9914226073755456,0.2584589085638901,0.7343596127761571,0.25007078747129174,0.7105264340642795,-0.983633387888707,-0.9970171513795675,0.31221257026060295,0.6852324987225344,0.3082744702320888,0.6765893037336024,-0.9305433001386613,-0.9882289634761553,0.25988746836583426,0.7305710939483534,0.24883159248455192,0.6994918603556978,-0.9688807093859796,-0.9955580072000929,0.2565869259581227,0.7393240821232707,0.25173470354732397,0.7253429922188411,-0.9466099692889204,-0.9913747456124122,0.25796576957514333,0.7348103075675397,0.24954764981974015,0.7108314627122871
-0.9488944158631734,-0.9911506027369146,0.25975370700603123,0.7330424662929055,0.2504437011502099,0.7067690023550292,-0.9874529485570891,-0.9960732984293194,0.34264832330180567,0.6569217540842648,0.33871653208669783,0.6493837654058648,-0.9269922486540151,-0.9870560995341312,0.2647787360098677,0.7248480926912617,0.2515198371157189,0.688551040596218,-0.9665364623381416,-0.9942745857588302,0.25584268425111345,0.7394202168678491,0.2495835540305061,0.7213304777038282,-0.9483636991624212,-0.9911047747863013,0.2588916459884202,0.733834082221179,0.2495485672667095,0.707350919457505
-0.9530693484181856,-0.991064010272321,0.2631860231335972,0.7300316846297734,0.25263222181507267,0.7007572981556126,-0.978494623655914,-0.994199535962877,0.3263157894736842,0.6721247563352827,0.3226676946800308,0.6646106399383191,-0.9309567422854728,-0.9862972363726725,0.27152385446290794,0.7184905564128397,0.2555083525345622,0.6761112711213517,-0.9646204426124932,-0.9933836612710971,0.2590309377939345,0.7357831049647914,0.2511553961622361,0.7134124548625232,-0.9527216885577992,-0.991032284947972,0.2624916379354706,0.7306686221032951,0.25188464957039863,0.7011431346084208
-0.9575671002180287,-0.9907638473731263,0.2654805435355358,0.727829051367621,0.25354845842689777,0.6951166044598299,-0.991304347826087,-0.9976401179941002,0.35141329258976317,0.647440794499618,0.3474320241691843,0.6401057401812689,-0.9353254685909336,-0.985458980252357,0.27860920633331665,0.7113802826300949,0.2599025696098115,0.6636161304882414,-0.9650242942617355,-0.9923830795552978,0.2613514123345105,0.7330023980563675,0.2514870282661604,0.7053361340294679,-0.9570938476785851,-0.9906993223792019,0.26457299608697404,0.7286780426802211,0.2525909978470936,0.6956776263340124
-0.9606398124110208,-0.9903863161070823,0.2698297322642483,0.7239523506438237,0.25526138586346586,0.6848655215781841,-0.9917695473251029,-0.9971181556195965,0.34403020292590847,0.6550259556394525,0.3379694019471488,0.6434863235975893,-0.9456041576440017,-0.9855719222897024,0.276845235240516,0.7146659632631528,0.2575341854603047,0.6648151865979611,-0.9635280610971532,-0.9912697093391946,0.2685226140531943,0.725682576701918,0.25482938163562974,0.6886766052711916,-0.9603198104826769,-0.9903373541957052,0.2692328134728402,0.7245068412021078,0.2546208530805687,0.6851859830532816
-0.9665224557066338,-0.9901174363057325,0.2772338017912536,0.7173581686234334,0.25892142742838853,0.6699738624846642,-0.9498721227621484,-0.9785987261146497,0.3300135043889264,0.662559081701553,0.28980136377112364,0.581826267417729,-0.9786605384110308,-0.9945727628423577,0.27674555944214785,0.7198473629219098,0.26632858267028064,0.6927515956981726,-0.9654892974906388,-0.989736054539365,0.27727543912662805,0.7171458899917095,0.258309934386707,0.6680934610470698,-0.9669524098852184,-0.9903468926840409,0.2760935762084496,0.7185420199478512,0.258210950662674,0.6720019372045593
-0.9757451490298059,-0.9896763782500531,0.2914465197968211,0.7045052070048609,0.2643103095031955,0.6389096340552651,-0.9575543203638202,-0.9771533792539043,0.3184012135699182,0.6740369587202354,0.26287525143269197,0.556491707465179,-0.9942028985507246,-0.9986418579383404,0.2962503577902872,0.7025093025474668,0.2869685767097967,0.6804990757855822,-0.9749996748136682,-0.9893214324120874,0.29125577272055675,0.7045844588323098,0.26347011933076075,0.6373674578641096,-0.9795557302929034,-0.9919154721766646,0.2863681635127528,0.7102455289481661,0.26461290993773906,0.656288512940348
-0.9899287587311164,-0.9828138686536052,0.3221882453215303,0.6743052388393358,0.27195905436278034,0.5691809610360105,-0.9811757444838759,-0.973461023414357,0.34317333403934236,0.6524317598157316,0.26248430602243733,0.4990279859057956,-0.9962511715089035,-0.997269003186163,0.3262996941896025,0.6718654434250765,0.31217086015213574,0.6427735517846694,-0.9897682387093704,-0.9824529502682062,0.32208520780803335,0.6743663828450119,0.2710725250909466,0.5675585025413452,-0.993694201984667,-0.9863302108442925,0.3139299854136278,0.6829131068972703,0.27624871644418364,0.6009424966994279
-0.9275022341376229,-0.992131518831638,0.2568151989155927,0.734657285682524,0.2510322974138233,0.7181144535658953,-0.9298245614035088,-0.9881305637982196,0.1446700507614213,0.8553299492385786,0.14357682619647355,0.8488664987405542,-0.9186773046236663,-0.9913080019462999,0.2541615088930875,0.736432340869112,0.24785768176944764,0.7181670174323949,-0.9873885627310285,-0.9983341662502082,0.27639882204459404,0.7215577859246349,0.2749282639885222,0.7177187948350072,-0.9274985315096081,-0.992144725114352,0.257132993375864,0.7343153261362083,0.25133219914795496,0.7177495325000351
-0.9278122107861009,-0.9921676092744836,0.2552032636701975,0.7365158889206985,0.2493653446720423,0.7196676713919058,-1.0,-0.9938080495356038,0.16752577319587628,0.8324742268041238,0.16666666666666666,0.8282051282051283,-0.9191717197780932,-0.991326362135388,0.25209783386456774,0.7387139790541859,0.24576116681859617,0.7201458523245214,-0.9853857726198152,-0.9985069674850697,0.27802342256214146,0.7203632887189293,0.2763720598717035,0.7160845806604894,-0.9276803776129467,-0.9921624440696801,0.25544742054947894,0.7362486722360979,0.24959151759104073,0.7193708319015996
-0.9295700269601712,-0.9923821308765384,0.2558324741351726,0.7355281402211399,0.24971023646092877,0.7179264729357384,-1.0,-1.0,0.17989417989417988,0.8121693121693122,0.17754569190600522,0.8015665796344648,-0.9215861277572358,-0.9916032709973034,0.25347219416816813,0.7370666321938449,0.24682344240497864,0.7177328623242567,-0.9839374864336878,-0.9981989357347524,0.2731530890549034,0.724238112178347,0.27131919905771495,0.7193757361601885,-0.9294366628609618,-0.992359454690015,0.2560371318365572,0.7353215882273255,0.2499025748086291,0.7177035490605428
-0.9328129740463911,-0.9917023606015789,0.25624227004487793,0.7358987950104244,0.24959899766626967,0.7168200687039191,-0.896551724137931,-1.0,0.14795918367346939,0.8494897959183674,0.14609571788413098,0.8387909319899244,-0.9250515627478978,-0.991002374675933,0.25335841593710057,0.7380234586659592,0.2461224872311513,0.7169454727207409,-0.9843947701391818,-0.9969165855241805,0.2772126739155852,0.720448965275342,0.2754574498983445,0.7158873075805983,-0.9328710737865686,-0.9916757392117002,0.2565430926344585,0.7355832264374251,0.2498826485531257,0.7164858073779545
-0.9334662551552727,-0.9923436356471317,0.25362815796947846,0.7382946445271099,0.24698461953588774,0.7189557474365893,-0.9587628865979382,-1.0,0.20250521920668058,0.7974947807933194,0.19917864476386038,0.784394250513347,-0.9257684865019192,-0.9915907048401592,0.24995638866422443,0.7411389695037823,0.24272921174414216,0.7197098614757949,-0.981139489194499,-0.9977116704805492,0.27901112755577484,0.7186318039796086,0.2770671166512438,0.7136247346361113,-0.9333990579472012,-0.9923160947681645,0.2537983569412975,0.7380975548728784,0.24714219000629428,0.7187400594234973
-0.93594900997858,-0.9921021162991185,0.25984551267257644,0.7322332785794768,0.2527748981491875,0.7123085964066637,-0.9813953488372092,-1.0,0.2901484480431849,0.7044534412955465,0.2866666666666667,0.696,-0.925796178343949,-0.9910278400844439,0.25432308751468025,0.7366298141173612,0.2465413545641557,0.7140905450605362,-0.982272595175821,-0.9978734715576821,0.2884204350194879,0.709484095385776,0.28573801121029685,0.7028856134523562,-0.9356923319410513,-0.9920637138465838,0.25969232868301667,0.7323737080874578,0.2526062230834058,0.7123897622381334
-0.9406032722479257,-0.9913054481038285,0.2570578112645923,0.7351418870883082,0.2497111691999871,0.7141317326620841,-0.9818731117824774,-0.9971098265895953,0.3226120857699805,0.6744639376218323,0.31826923076923075,0.6653846153846154,-0.9259096082534787,-0.9889484556987693,0.25418793687530916,0.7363582914150794,0.24536069472470454,0.710786609974056,-0.9755501222493888,-0.9971645505812672,0.2641509433962264,0.7321354430963695,0.26070526100120656,0.7225851981696906,-0.9402471453151885,-0.9912689173457508,0.25660786320669515,0.7355583652771924,0.24924786380324246,0.7144611585821502
-0.9425173439048563,-0.9923568000704442,0.260261163952926,0.7323230694825085,0.25199170849878877,0.7090544691691016,-0.9903381642512077,-0.9975460122699387,0.3363119415109667,0.6620633631194152,0.33360193392425463,0.6567284448025785,-0.921884524949926,-0.9892702169625247,0.26334437959384926,0.7267025192354,0.25214364919908216,0.6957939461809558,-0.9697596872484765,-0.9962542339111377,0.2562991777915304,0.7395455751038812,0.25179137534198986,0.7265384114300604,-0.9420217293346017,-0.9923192904656319,0.2596526351368919,0.7328852603936455,0.2513544295035961,0.709463073312233
-0.9487878353177449,-0.9911909314394974,0.2611692861023172,0.731518773142511,0.25248250925093113,0.7071876565716321,-0.9772727272727273,-0.9959141981613892,0.34966887417218545,0.6483443708609271,0.3466841759684833,0.6428102429415627,-0.9260771687346212,-0.9865660725970976,0.26584921154087043,0.7231555066876366,0.25320801739222654,0.688769287873164,-0.9678767876787678,-0.9948768291560574,0.25736126840317103,0.7383238958097396,0.25187590747370403,0.7225873668576749,-0.9484236524771176,-0.9911511280590154,0.2603269057419676,0.7323104659005667,0.25160842228395963,0.7077850075547107
-0.9523755060960267,-0.9910266820869936,0.2620813275222263,0.7308865934882829,0.25259575549918817,0.7044334406110787,-0.9899497487437185,-0.99644128113879,0.3462877030162413,0.6519721577726219,0.3436960276338515,0.6470926885434658,-0.926224348482941,-0.9848090583022716,0.2682856805093476,0.7203992366541131,0.25324406185238324,0.6800095648015304,-0.9673026481261903,-0.994372949785516,0.25866684015837316,0.7366581779653141,0.2522271866305362,0.7183186666787504,-0.9518552875695733,-0.990976298295431,0.26120194084187953,0.7317107152159823,0.2516721724818191,0.7050147664795079
-0.955508937546436,-0.9911113907920301,0.26276140056730096,0.7299635962746471,0.25201282037161454,0.7001035322106329,-0.9874015748031496,-0.9951534733441034,0.33866666666666667,0.6602666666666667,0.33456269757639623,0.6522655426765016,-0.9301718845917741,-0.9853764962556755,0.2741616527117432,0.713552404594606,0.2555845378414952,0.6652022985349781,-0.9655973113351665,-0.993198227676991,0.25848180439727064,0.7361242734394744,0.25061831435637877,0.7137300244262885,-0.9550601635384581,-0.9910716413405247,0.26193530412170674,0.7307221258046354,0.25114086639063266,0.7006088330884644
-0.9579996731492074,-0.9913697503715383,0.26792770899696783,0.7255207820213896,0.2555906539616238,0.692113301135622,-0.9919028340080972,-0.9956172388604821,0.3508522727272727,0.6482007575757576,0.34772407320506804,0.642421398404505,-0.9302142716728917,-0.9837334485874818,0.28225045774843255,0.7060700216390168,0.26157603805116336,0.654351459056434,-0.9652895971942854,-0.99318432207346,0.2644074730669576,0.7303013773353334,0.2540653868833126,0.7017362248574985,-0.9574785837257057,-0.9913254261060462,0.2669579277273885,0.726425019657353,0.2545539985427205,0.6926724183448262
-0.9617679898355985,-0.9911961251366556,0.27161165170378193,0.722197530993302,0.25645127050657346,0.6818870737619535,-0.9864636209813875,-1.0,0.32669983416252074,0.6721945826423439,0.3222464558342421,0.6630316248636859,-0.9413166517724159,-0.9885464635730311,0.2814032440588457,0.7099207846095813,0.25878815911193337,0.652867715078631,-0.9648036788114609,-0.9915664738453414,0.2702160198814758,0.7239473809978971,0.25610798752073743,0.6861499436621313,-0.9614837893097069,-0.9911179284905591,0.27108560931578,0.7226750139884502,0.25585010188169766,0.6820593554301201
-0.9685292576734775,-0.9895324198333098,0.27966512737083554,0.7153178460636803,0.26034993650345706,0.6659141150463289,-0.9465587044534413,-0.9757620271759089,0.3091364205256571,0.6816020025031289,0.26650841605524384,0.5876132930513596,-0.9827188940092166,-0.9955362124762861,0.27840590169192525,0.7185470291075294,0.2679012345679012,0.6914351851851852,-0.9675796534376747,-0.9891267465446127,0.2797498045347928,0.7151006982826023,0.25985975457049837,0.6642574505384423,-0.9690306367567169,-0.9898024586445048,0.27905801547973247,0.7160123961615213,0.26021271685194447,0.6676587683194215
-0.9759374885894767,-0.989480905556826,0.2935243933807768,0.7030245219926262,0.26447071093342606,0.6334376267454661,-0.9549049698972967,-0.9737827715355806,0.31599955235572796,0.6772857835639945,0.2542088047294661,0.5448489031599796,-0.9970544918998527,-0.9983217956786239,0.29920681551116335,0.7002056404230317,0.2916666666666667,0.6825601374570447,-0.975121830972562,-0.989147544355062,0.2933092324805339,0.703131256952169,0.2635216165977094,0.6317233315344486,-0.9797853270846382,-0.9920024063556098,0.2897541317013035,0.7073422569320592,0.2664384152832523,0.650424374946054
-0.9923544477999924,-0.983310052065381,0.3206585028009659,0.6757008543865456,0.26920860347843983,0.5672841411958424,-0.9842563958391903,-0.971630173856114,0.33927890118275467,0.655618084700496,0.2519657150952752,0.4868952326981653,-1.0,-1.0,0.31425091352009743,0.6857490864799025,0.30442477876106194,0.664306784660767,-0.9922006005537574,-0.9829620164083189,0.32079012222124925,0.6754944518808562,0.2685833987954962,0.5655616653574234,-0.9953793646626411,-0.9871906419180201,0.3142168913233572,0.6826483641583211,0.27627074387837997,0.6002088894046652
-0.9259809198559709,-0.9928104997737117,0.2560108718377587,0.7349419345028795,0.2500185618294539,0.7177395404091027,-0.9393939393939394,-1.0,0.14666666666666667,0.8488888888888889,0.14537444933920704,0.8414096916299559,-0.9177252460671321,-0.9921989414920612,0.25382488282459453,0.7363099623116919,0.24732379713914174,0.7174512353706112,-0.9879936808846761,-0.9978494623655914,0.27371789328029056,0.7238605898123325,0.27230491267314805,0.7201238922825433,-0.925964468891697,-0.9927926993674168,0.2562451786173465,0.7346977647831925,0.2502394880999991,0.7174784460710001
-0.9301999557293588,-0.993117723156533,0.2574633599604867,0.7342255487694835,0.25141680502351293,0.7169821821116192,-1.0,-1.0,0.20437956204379562,0.791970802919708,0.2028985507246377,0.7862318840579711,-0.9224695506089878,-0.9926337311311862,0.2543124165554072,0.7365874499332443,0.24777048190890455,0.7176394684537498,-0.9860436893203883,-0.9971212666426772,0.28277282086479066,0.7152539464653397,0.2813246841925572,0.7115909866848754,-0.9300554528650647,-0.9930983485333991,0.25760187416077024,0.7340748711990629,0.25154132996085066,0.7168044487013772
-0.9273954017087749,-0.9931795954084521,0.2574606081776385,0.7336272575361348,0.25122290494044386,0.7158530855895276,-0.9574468085106383,-1.0,0.16095890410958905,0.8287671232876712,0.16095890410958905,0.8287671232876712,-0.9191412939063609,-0.9924557752341311,0.2545854732208364,0.7357172477590992,0.24778788537365332,0.7160731472569779,-0.9867788461538461,-0.9990605918271489,0.28022903334456045,0.7170764567194342,0.2790541673654201,0.7140700989434848,-0.927343520423156,-0.9931582887976661,0.25772737169959575,0.7333642585983281,0.25146636369514414,0.7155485354836922
-0.9309033507928536,-0.9921140662164053,0.2595658692392934,0.7321277249573971,0.2527955887287667,0.7130315699736085,-0.9759036144578314,-1.0,0.23512747875354106,0.7620396600566572,0.23380281690140844,0.7577464788732394,-0.9232133283846756,-0.9914560648993859,0.25623712157235695,0.7346436307919902,0.2488736080463899,0.7135320983219582,-0.9823448275862069,-0.9971422290613322,0.28426913425345046,0.713456712672522,0.2825849703772997,0.709229809791082,-0.9307689539779065,-0.9920869920359404,0.25964646747762393,0.7320290748734047,0.25285693489099975,0.7128871419732867
-0.9298083089859617,-0.9923101008203394,0.2579880133838291,0.7339504357098209,0.2512870560216315,0.7148868733715943,-0.958904109589041,-1.0,0.2874015748031496,0.7106299212598425,0.28460038986354774,0.7037037037037037,-0.9187445510026155,-0.9910899202860761,0.25242910747493863,0.7385256995719489,0.24500432549048926,0.7168031955228503,-0.9793211080764729,-0.9987431264728986,0.2861928423873597,0.7107364189604154,0.28386310776387197,0.7049507143648245,-0.9296561604584527,-0.9922751748779629,0.2578500184706317,0.7340598448466937,0.2511333381305318,0.7149384759300569
-0.939965873872619,-0.9924609187331387,0.2592559155705219,0.7328626757066635,0.25222875110888604,0.7129983399646913,-1.0,-1.0,0.3188854489164087,0.6764705882352942,0.3169230769230769,0.6723076923076923,-0.9243655331527736,-0.9901901546116936,0.25908311242788085,0.7311970476635999,0.2503673008099454,0.7065988572863691,-0.9753958309602461,-0.9975910386638295,0.25964922658306466,0.7366537517376002,0.25656087439359404,0.7278917528786019,-0.9395321104135246,-0.9924201139459995,0.25890611236730504,0.7331934871641195,0.25185728293419785,0.7132319814845897
-0.9410133261178381,-0.9919940624657801,0.2625918129901504,0.7299654507829083,0.2544690886243728,0.7073855078451118,-1.0,-0.996039603960396,0.332892998678996,0.667107001321004,0.32941176470588235,0.6601307189542484,-0.9176645814715519,-0.9887564256808488,0.26576626502208783,0.7238310876070745,0.25462295778280064,0.6934815916020691,-0.9716767076128628,-0.9960519822339201,0.258536289343798,0.737802411198317,0.2542672979747742,0.7256197031790873,-0.940506242750904,-0.9919690514666275,0.26211595550627703,0.7303909295754498,0.2539723796156712,0.7076987056193793
-0.9458351244998512,-0.9926678413888528,0.26144881426854677,0.7310555300993369,0.25295269004282656,0.7072989159528907,-0.9933333333333333,-1.0,0.3181336161187699,0.679745493107105,0.3157894736842105,0.6747368421052632,-0.9193627969267639,-0.9877625097225823,0.26593810336101376,0.7230022306783886,0.2528606566142659,0.687448757708623,-0.9692288526223994,-0.9967818391354454,0.2576059050064185,0.7379492939666239,0.2530340762222993,0.7248526305834884,-0.9453592064393307,-0.9926118353630925,0.2609828806526969,0.7314772846135073,0.2524493684760797,0.707559737609821
-0.9471816350673018,-0.9920792980619317,0.2606460107668461,0.7322705378422973,0.2518418912499094,0.7075358514570065,-0.9945205479452055,-0.9972677595628415,0.33181818181818185,0.6654545454545454,0.33061594202898553,0.6630434782608695,-0.9210176255404057,-0.9876353346456693,0.26674354652710014,0.721014814157722,0.2522016271072717,0.6817076239201543,-0.9635305730167801,-0.994689210426489,0.25697540917950495,0.7390462713267295,0.25161762591338677,0.7236375995085031,-0.9466226708074534,-0.9920357130561517,0.2599875523558008,0.7328886945112617,0.2511353573430607,0.7079349088870655
-0.9484887186036611,-0.9914808873153731,0.2648935141927377,0.7280423365660341,0.2549638324430351,0.7007512617941899,-0.9858490566037735,-0.9949558638083228,0.34782608695652173,0.6505332239540607,0.34527687296416937,0.6457654723127035,-0.9139027492417572,-0.9842963408220001,0.2739406609310927,0.7134089142612098,0.2561782545491002,0.6671512356509098,-0.9640855945290094,-0.9944799033983095,0.2610062530948789,0.7343298363600769,0.25441993601616436,0.715799517314924,-0.9480007393259812,-0.9914501294758461,0.2640711304899576,0.7288109396480895,0.25409573010841063,0.7012797933544676
-0.9537442396313364,-0.9910710480330733,0.26828627505524905,0.7252074736890908,0.256930158213329,0.6945106338893247,-0.9846153846153847,-0.9958592132505176,0.34946236559139787,0.6491935483870968,0.34620505992010653,0.6431424766977364,-0.9240384615384616,-0.9809846559352349,0.2778148791238146,0.7094296781087218,0.257075763193672,0.6564701520207639,-0.9631060606060606,-0.9940225325730656,0.26541732853437355,0.7299579755896487,0.2568843047581979,0.7064902208815802,-0.9532748538011696,-0.9910212518571152,0.26734205712677644,0.7260916467332676,0.25592672413793105,0.6950880028735632
-0.9586924792773938,-0.9911692054343351,0.27043149287299484,0.723573481880874,0.2574039156754611,0.6887165601032083,-1.0,-1.0,0.33025099075297226,0.6690885072655218,0.32615786040443573,0.6607958251793868,-0.9295687247905678,-0.9819692188808037,0.2899424253328535,0.6984976610291471,0.26502754707672066,0.6384754543211907,-0.9649780694411892,-0.9929193566169715,0.26656016279028255,0.7285489888081681,0.25581574619706726,0.6991828833767302,-0.9581157680172004,-0.9910761646229211,0.2697493296375523,0.724194811846585,0.25664858357042014,0.6890232978121126
-0.963508440313985,-0.9914453894046751,0.2740872393397326,0.7200123764157325,0.2583509112243029,0.6786738922537456,-1.0,-0.9957537154989384,0.3525773195876289,0.6474226804123712,0.3487423521414004,0.6403806934058464,-0.9426329982838931,-0.9840315426318383,0.2838947661469933,0.7060829621380846,0.25765902343503255,0.6408312803992168,-0.9660119957662001,-0.9922818568028648,0.2729563584418086,0.7216185416432596,0.2584341377423865,0.6832259437116285,-0.9630102719676407,-0.9914044450721845,0.2732567863349792,0.720780401253645,0.2574399868464321,0.6790597939274361
-0.9682146647127192,-0.9904847576211894,0.2821035524890232,0.713135085818555,0.2613841246359392,0.6607580390577016,-0.9429153924566769,-0.9748743718592965,0.3274365821094793,0.664218958611482,0.2831168831168831,0.5743145743145743,-0.9870839542970691,-0.994728304947283,0.2893904542840713,0.7090281771132835,0.2776551724137931,0.6802758620689655,-0.967203513909224,-0.9902647238167329,0.28172341382930854,0.7133493325333733,0.26056587152399646,0.659776509187262,-0.9688576832396301,-0.9908015500713848,0.2811143481427531,0.7142024763292061,0.26087514869687467,0.6627825240618579
-0.9792868379653906,-0.9896872623148852,0.29817840669220547,0.6989602063951216,0.26730959272783344,0.6266005985379973,-0.9599850411368736,-0.974192350538433,0.3297367285282693,0.6641593193168506,0.25642500958956654,0.516494054468738,-0.9926362297496318,-0.9968730456535334,0.29780701754385963,0.7013157894736842,0.2902949978623343,0.6836254809747755,-0.9787939753140122,-0.9894206899751757,0.2981921361978111,0.6988731252533441,0.266530437744107,0.6246675796902966,-0.9824347401805318,-0.9918099501475226,0.2935957239168778,0.7040137522271266,0.26917299404884054,0.6454504412066489
-0.9925750106505995,-0.9798765285527722,0.32645884246289564,0.6694085156265522,0.27114756262582923,0.5559919469289415,-0.9811587376354216,-0.9571938168846611,0.3572269897358237,0.6367995961635537,0.25481605953309727,0.45423993278521274,-1.0,-1.0,0.33436853002070394,0.6656314699792961,0.3252769385699899,0.6475327291037261,-0.9924261236652595,-0.9794850071106539,0.3263040615820926,0.6694824268206219,0.27024578474960154,0.5544669071386629,-0.9965531391054575,-0.9864487233472419,0.31694628690336846,0.6794901807777344,0.2773415272561739,0.5945829065665187
-0.9248278500382555,-0.9935404490925869,0.26095311778579183,0.7302244905599161,0.25467964097380374,0.7126694352766377,-0.9166666666666666,-1.0,0.24742268041237114,0.7525773195876289,0.24489795918367346,0.7448979591836735,-0.9177153920619555,-0.9929358146600835,0.258422281521014,0.7318768067600623,0.2516477418830949,0.7126906576080336,-0.9818809318377912,-0.99897575964493,0.2832009773976787,0.7156994502138058,0.2819265385550961,0.7124787156409633,-0.9248466257668712,-0.993524292468992,0.2609859524911499,0.7301702463004891,0.2547030458402002,0.7125923213086737
-0.9275299966537598,-0.99292839573654,0.2609525472780799,0.7303028790978494,0.25468114636343714,0.7127517105359273,-0.9444444444444444,-1.0,0.21818181818181817,0.7818181818181819,0.21428571428571427,0.7678571428571429,-0.9195284192309773,-0.9922688755593639,0.2579227807844669,0.7325085086202087,0.2511783962943342,0.7133542524145238,-0.9884678747940692,-0.9986730801127882,0.2865911237016053,0.7116383380547686,0.28494308179791106,0.7075460626687009,-0.9275008380022027,-0.9929127792519045,0.2610407630095376,0.7301966274578432,0.25476393802610714,0.7126387702818104
-0.9283624351109013,-0.993326332192825,0.2619380199512961,0.7297922049025304,0.2555321073258969,0.7119445281881218,-0.95,-0.9878048780487805,0.1951219512195122,0.8,0.1941747572815534,0.7961165048543689,-0.9199012186610833,-0.9926533564264098,0.2593675592129997,0.7315955832184581,0.2523881143042966,0.7119087299974256,-0.9898556379243074,-0.9987686624595967,0.28226872246696033,0.7155286343612335,0.2809690857268143,0.7122341591756194,-0.9283215130023641,-0.9933417128104086,0.26210776780845685,0.7296138402815645,0.2556849091502557,0.7117349097547118
-0.934212365466151,-0.9933518005540166,0.2625058095447763,0.7285169149482644,0.25601173720120235,0.7104942983920989,-1.0,-1.0,0.2735562310030395,0.7203647416413373,0.2710843373493976,0.713855421686747,-0.923806279452677,-0.9922383978122737,0.25883960850013227,0.7308585368721159,0.25158912680160556,0.7103861042467182,-0.9818181818181818,-0.9989830163734363,0.28069407990667833,0.7168999708369788,0.2784004627955745,0.7110420131607491,-0.9339353389790858,-0.9933252427184466,0.26246116439281375,0.7285498507975882,0.2559518106917034,0.7104809350450277
-0.9347252442016574,-0.9931968273985332,0.2617192706124674,0.7301871933119283,0.25478586003939563,0.7108432313843903,-1.0,-1.0,0.30117647058823527,0.6941176470588235,0.2997658079625293,0.6908665105386417,-0.9158897310349453,-0.9912640571456152,0.2619106176656595,0.7279530602206451,0.25321421899149105,0.703782333259736,-0.976688583383144,-0.9974506054811982,0.2612939752450119,0.7351528640037484,0.2583584279206239,0.7268936761640028,-0.934336143063382,-0.9931633622917744,0.2615150407989283,0.7303738886859091,0.2545581715152808,0.7109443535576262
-0.9376830161054173,-0.9930714808489876,0.26015950482085465,0.7318771574812523,0.2524195597440695,0.7101032499480285,-0.9736842105263158,-1.0,0.31666666666666665,0.6833333333333333,0.3146997929606625,0.6790890269151139,-0.9116293828335713,-0.9900242186599009,0.263481314271382,0.7249393863389348,0.2526809517128024,0.6952233959389845,-0.9731891891891892,-0.99701503675236,0.2557650832273406,0.74105513465686,0.25206420143335967,0.7303321797422132,-0.9374308883155179,-0.9930343215004006,0.2598347898958458,0.732156111576679,0.2520701949990128,0.7102772261129113
-0.9367212531149876,-0.9919950937671476,0.26412787964268925,0.7282792665726375,0.2559569912068887,0.7057496924689052,-1.0,-0.9943977591036415,0.3736842105263158,0.6263157894736842,0.37043478260869567,0.6208695652173913,-0.9020453086306521,-0.9865679824561403,0.26881163708086786,0.7195266272189349,0.25639035861258086,0.686278659611993,-0.9694009853919958,-0.996827140154982,0.2598607367475292,0.7362533692722372,0.2555499105387555,0.7240396721963288,-0.9361157284693832,-0.9919811703595487,0.2633889480534848,0.7289669861554846,0.2552023021978652,0.7063092603845404
-0.9453732250640496,-0.9920016310399448,0.2634113421636584,0.7293368105597877,0.2545737942317684,0.7048672908767314,-0.9919678714859438,-0.9955654101995566,0.3557142857142857,0.6442857142857142,0.3541963015647226,0.6415362731152204,-0.9084253087094306,-0.9857040172510183,0.264212501804533,0.7230258409123719,0.24952962670084258,0.682845690289859,-0.9697362732382188,-0.9960744815474807,0.2628857191566744,0.7334772972665795,0.25801293968915,0.7198817580129397,-0.94486391571554,-0.9919762446297701,0.26266632843668564,0.7300232917464198,0.2537935337240135,0.7053633102341853
-0.9479309627781244,-0.9918878378792053,0.2671429206292774,0.7258688116611857,0.2573915091310026,0.6993727118970648,-1.0,-1.0,0.35236768802228413,0.6476323119777159,0.34800550206327374,0.6396148555708391,-0.9078329626884112,-0.9842302759701705,0.27441939311747754,0.7137819969486353,0.2566590563165906,0.6675862506341959,-0.9682778509184378,-0.9955285562656669,0.26359625204501513,0.731760117660668,0.257764778126111,0.7155715717009793,-0.9473772696704774,-0.991829687524087,0.26645761003471835,0.7264979280994512,0.2566807996461361,0.699841408550992
-0.9500383389160176,-0.9925533182413916,0.26766116488074665,0.7252851711026616,0.2568570540064269,0.6960091220068415,-0.975,-1.0,0.35476718403547675,0.6430155210643016,0.3512623490669594,0.6366630076838639,-0.9119201409277745,-0.9842985550119467,0.27577830857050323,0.7116311080523056,0.25555222088835533,0.6594387755102041,-0.9644904547225469,-0.9954807731106,0.264707182320442,0.7302541436464088,0.25735525825765604,0.7099722118772739,-0.9497117625413958,-0.9924884321855658,0.2668041102166372,0.7260946397015512,0.25595705271089064,0.6965748909050953
-0.956950950408424,-0.9916495709208587,0.269947433874322,0.7233642320433906,0.25804163669783425,0.6914608806840885,-1.0,-1.0,0.3226111636707663,0.6764427625354777,0.31958762886597936,0.6701030927835051,-0.9189591078066914,-0.9791866558417596,0.28058829665171586,0.7066339835193491,0.2570718654434251,0.6474101681957186,-0.9669453816439294,-0.994682857604771,0.26728092530876296,0.7275566882310658,0.25829796908153985,0.7031044761038698,-0.9563750490388387,-0.9915624133249639,0.2693592019612816,0.7238883253022234,0.25737855548936256,0.6916909841776305
-0.961170804001482,-0.9924359779498988,0.2717752492196153,0.7215285469741214,0.2582453857414867,0.6856084888961181,-0.9951456310679612,-1.0,0.3685152057245081,0.6288014311270125,0.3626760563380282,0.6188380281690141,-0.9221153846153847,-0.9856932876041157,0.28614665015820606,0.7019535011693493,0.2594486715729076,0.6364600224522888,-0.968287341217696,-0.9935557363710333,0.2693106214316048,0.7248855754258482,0.2580273285186315,0.6945150826749851,-0.9606441417713899,-0.9923610328109144,0.2706737819781652,0.7225843245885611,0.25709780705572804,0.6863422231250665
-0.9644848527897149,-0.9918287033873987,0.27637145296964105,0.718318430325576,0.259650319986721,0.674858449678169,-1.0,-0.9974424552429667,0.34119629317607414,0.6588037068239259,0.33721898417985013,0.6511240632805995,-0.9380759307040177,-0.9825701156710506,0.29787000439174355,0.692907334211682,0.2690133862171542,0.6257808626673277,-0.967300738877535,-0.9927024763727719,0.27426083019844133,0.720813167624201,0.25869028132212246,0.67989060260073,-0.9639665609685788,-0.9917680695018024,0.275607285439053,0.7190200011917294,0.2587816227002732,0.6751242528510552
-0.969263859016166,-0.9910030224221551,0.2871144134901742,0.7085229932569049,0.2648766861469475,0.6536461204836991,-0.9529085872576177,-0.9753930280246069,0.3277349069450749,0.6640944167044939,0.276840490797546,0.5609662576687117,-0.9914163090128756,-0.9950877192982456,0.28958488690032314,0.7084265473527218,0.2791756530074287,0.6829618979151689,-0.9683308629478327,-0.9908325400893315,0.28701128911762264,0.7085270191748984,0.26430653098275286,0.6524771869475897,-0.9696840307429547,-0.9913308072109313,0.28620310399608945,0.7095197360381278,0.2645829410657127,0.6559216720015063
-0.980402582605393,-0.9892820604426834,0.2987259050838997,0.6986419486958396,0.2658333922279322,0.621714943410704,-0.9584916691026015,-0.96996996996997,0.33714398344338226,0.656351631023948,0.25357645837966053,0.49366244162775186,-1.0,-0.9970559371933267,0.30099417209461776,0.6986630099417209,0.2943345625209521,0.6832048273550118,-0.9797265440829798,-0.9890159721872324,0.2986482680934948,0.6986412278231484,0.2649483677548301,0.619805546302465,-0.9836745383910254,-0.9916240281141318,0.2937277226453317,0.7041439085057825,0.26776614147458977,0.6419070550282856
-0.9946970440930963,-0.978789047435403,0.32754350413329475,0.6672456495866705,0.26929179668905695,0.5485798910456444,-0.9910130718954249,-0.9531357684355617,0.3570595099183197,0.6349183197199533,0.2453889334402566,0.43634723336006415,-1.0,-1.0,0.3246268656716418,0.6735074626865671,0.31464737793851716,0.6528028933092225,-0.9946048556299331,-0.9784133837021047,0.3275946715543482,0.667135796812097,0.26861866294517056,0.5470330908993317,-0.9958629605688429,-0.9856018546763468,0.3191928362150786,0.6763916972723146,0.27785760471298226,0.5887994827214599
-0.9226410445922641,-0.9926604688403541,0.2630589760207388,0.7284834737524303,0.25669971066736236,0.7108728991762716,-0.9,-1.0,0.16260162601626016,0.8373983739837398,0.16,0.824,-0.9148345932450239,-0.9920147874306839,0.2597830786970308,0.7310283943499568,0.2529915429694354,0.7119170438993578,-0.9845899834892681,-0.9986323227718259,0.2923101673101673,0.7057593307593307,0.29048760991207034,0.7013589128697042,-0.9226689689195856,-0.992643616665552,0.26325957432991864,0.7282659869798854,0.25689119827640833,0.7106488815664407
-0.9299327699993832,-0.9938508154353445,0.2629291471384785,0.7278919287092747,0.256526692193285,0.7101673997658302,-0.9411764705882353,-1.0,0.2251655629139073,0.7748344370860927,0.2222222222222222,0.7647058823529411,-0.9219131283552953,-0.99328224522293,0.26034632977564803,0.7295433093734117,0.2533785574222269,0.7100181956295157,-0.9914438502673797,-0.9987212276214834,0.28458377720286104,0.7140465682544513,0.2835481425322214,0.7114480667172101,-0.9299091414796959,-0.9938347443429312,0.2630218493952399,0.7277766939784107,0.2566099383019556,0.7100350521023331
-0.9235645495550409,-0.993497220940706,0.26276928005125333,0.7290622247137023,0.25627968007998003,0.7110566108472882,-1.0,-0.9880239520958084,0.2577777777777778,0.7422222222222222,0.2577777777777778,0.7422222222222222,-0.9098391043226811,-0.9928379588182632,0.25961001713152776,0.731035013762969,0.25231039772514685,0.7104800389119617,-0.986981843096951,-0.9968173982230474,0.27842426554750094,0.7192865318580695,0.2763681120999811,0.7139746260177997,-0.9232933692194764,-0.9935173751984477,0.26278733322616943,0.7290146278733323,0.2562743960746814,0.7109466852690819
-0.9306800525875463,-0.9918603879586826,0.267744,0.723376,0.26057708777776045,0.7040128310936016,-1.0,-1.0,0.3289902280130293,0.6710097719869706,0.3268608414239482,0.6666666666666666,-0.9100890464251751,-0.9893479664299548,0.26881245642574947,0.7199628166395537,0.2597049776600283,0.6955701744538494,-0.9767756918908458,-0.9973297730307076,0.26538263995891115,0.730919363122753,0.2625508130081301,0.723119918699187,-0.9302591234293273,-0.9918231307632486,0.2674416735002331,0.7236344926277877,0.2602566108590205,0.7041933969644814
-0.9321321321321321,-0.9933300127769236,0.26271360272654115,0.7286081701563659,0.2555287834374377,0.7086818398072408,-0.9818181818181818,-1.0,0.3170028818443804,0.6829971181556196,0.3125,0.6732954545454546,-0.9080008269588588,-0.9900026508122847,0.2647654496688379,0.7227270239203022,0.2546057479734709,0.6949942099168334,-0.9655963302752294,-0.9977744056651492,0.25992026528559187,0.7366146279667648,0.2568199388874572,0.7278282958436108,-0.93180169286578,-0.9932956029603831,0.2624147231477074,0.7288592733618912,0.25521934358942705,0.7088740413844183
-0.9365135040336724,-0.9930131378726506,0.2661832441180132,0.7260519108676708,0.2584261175653015,0.7048932666596166,-1.0,-0.9923371647509579,0.32904884318766064,0.6709511568123393,0.3248730964467005,0.6624365482233503,-0.8997077732320281,-0.988060493499602,0.2711998731970201,0.7168806466951974,0.2593052861299709,0.6854388942774006,-0.9733364518769735,-0.9976710334788937,0.26134661817292704,0.734894098230386,0.257552483358935,0.724225173940544,-0.9360348686535517,-0.9930169403853615,0.2658003913894325,0.7263874755381605,0.2580282375112084,0.7051474946427757
-0.9404344779257183,-0.9927905004240882,0.26428372997499766,0.7278451708491527,0.2558149957423923,0.7045220275175906,-0.9883720930232558,-1.0,0.40186915887850466,0.5957943925233645,0.40093240093240096,0.5944055944055944,-0.9047881882158134,-0.9873207233423404,0.2698767363050683,0.7166424608051242,0.25548191496862444,0.6784178241556793,-0.9665890452566569,-0.99656111190715,0.2603252418228302,0.7357739648401466,0.2560599382988101,0.7237186633137168,-0.9399480887210948,-0.9927513058309348,0.2633688593356741,0.7287232389770997,0.25487896556908735,0.7052322958953541
-0.9436347073559553,-0.9940318302387268,0.2647413481249246,0.7273604244543591,0.2553983510491341,0.7016911198034055,-1.0,-1.0,0.3325842696629214,0.6629213483146067,0.3288888888888889,0.6555555555555556,-0.8959871589085072,-0.9890234444908429,0.2670610425240055,0.7185785322359396,0.2501204432310904,0.6729966275895295,-0.9698253043938592,-0.9966976788492681,0.26348335503068626,0.7321229310024177,0.25839545858696394,0.7179855459042929,-0.9431557188791916,-0.9939951210358416,0.2642832212931911,0.72779556594182,0.25491430160565565,0.7019949942184687
-0.9450785773366418,-0.9923942131632427,0.2655819811376018,0.7278278952609689,0.2558802364793363,0.7012402466383532,-0.9795918367346939,-1.0,0.3166397415185784,0.6833602584814217,0.31511254019292606,0.680064308681672,-0.8929854414823218,-0.9839191689198805,0.26973684210526316,0.7167482660138719,0.25112767674849246,0.6672997483500308,-0.9665265452280866,-0.9957357273109833,0.26390829156052265,0.7322910674665133,0.25788966514092987,0.7155906207339597,-0.9447014883772785,-0.9923289228021756,0.2651149043079879,0.7282346855833888,0.25535579564703703,0.7014277376834493
-0.950328320271129,-0.9928511106310269,0.2685972747702899,0.7242198389895599,0.25759456546945125,0.6945531926502885,-0.9829787234042553,-1.0,0.34057971014492755,0.6594202898550725,0.33861671469740634,0.6556195965417867,-0.8996933858957512,-0.9848549306560027,0.2756580536102391,0.7095508331320937,0.2538500027797854,0.6534163562572969,-0.9664757647716161,-0.9952507404759473,0.2664210487142272,0.7287410219195415,0.2588120458407144,0.7079281298579227,-0.9499168856238941,-0.9927866513416036,0.2678838198115376,0.7248621006665135,0.25682021620877227,0.6949252909178545
-0.953894909016561,-0.9922080898361407,0.2702919274395214,0.7234218924855971,0.2578111616261448,0.6900177900770903,-1.0,-0.9959514170040485,0.3702290076335878,0.628498727735369,0.3669609079445145,0.6229508196721312,-0.9091156462585034,-0.9828447339847991,0.2809633027522936,0.7041284403669725,0.25385093596739655,0.6361815293223734,-0.9642519982377745,-0.9942065257693734,0.2679381460683631,0.7276774422016492,0.25874478895257946,0.7027097446586764,-0.9531987754890261,-0.9921724377265366,0.2691947761715204,0.7244639988826035,0.2566584989080062,0.690726042720929
-0.9624651533253684,-0.9919013089744797,0.2727087604023839,0.7208020526465837,0.2579054808766321,0.6816752044576256,-0.9936102236421726,-1.0,0.3564920273348519,0.642369020501139,0.3528748590755355,0.6358511837655016,-0.9246231155778895,-0.9796285200718994,0.2903595622720167,0.6957790515893695,0.25829779343593545,0.6189504913777119,-0.9685585481447232,-0.9936663866089317,0.2700652452158711,0.7245496831392626,0.25784242135224955,0.6917574475060727,-0.9619721871049305,-0.9918143572366793,0.2716980613604825,0.7217482104337551,0.2568115113893146,0.682203059660788
-0.9641909174267651,-0.9914480223551696,0.2782985924572902,0.716141076609004,0.2604285804059574,0.6701564758373657,-1.0,-0.9932773109243698,0.3366778149386845,0.6633221850613155,0.33370165745856356,0.6574585635359116,-0.9276974416017798,-0.9851282051282051,0.31231544207052286,0.6774361646690985,0.27665794737651944,0.6000923218956763,-0.967658405115468,-0.9919467432872665,0.2754479686749443,0.7193845616384518,0.25898502723565,0.6763884706977253,-0.9636612958519026,-0.9914273792815689,0.27758669911227724,0.7167851656493427,0.25958555809814393,0.6703025680142385
-0.9719523285310869,-0.9910360682340668,0.28642520289537177,0.7096265628427286,0.26348777965545944,0.6527984462884959,-0.9596330275229358,-0.9908925318761385,0.3297035692679976,0.6642468239564429,0.28209109730848864,0.5683229813664596,-0.9792477302204928,-0.9954597048808173,0.30306603773584906,0.6926100628930818,0.2924886191198786,0.6684370257966616,-0.9716727959447371,-0.9908801823963521,0.28582386363636364,0.7102414772727272,0.2624905424091419,0.6522606903389079,-0.972282288185571,-0.9910391789203592,0.2854217222370285,0.710678767305831,0.2630231896796877,0.6549080944132778
-0.9840975928548088,-0.9890888743821692,0.29902615379604597,0.6984985180601244,0.2651131228252552,0.6192806918756587,-0.9632451815329449,-0.9610208816705337,0.33864602307225256,0.6542197935640559,0.25123873873873875,0.48536036036036034,-1.0,-1.0,0.2823593664664118,0.7165483342435828,0.2761752136752137,0.7008547008547008,-0.9836368730736901,-0.9887445887445887,0.2995383969785984,0.6979437683592111,0.2648058288444702,0.6170146463072609,-0.9869815882462339,-0.992224353325385,0.2942646575942209,0.7038199131672078,0.2671535748000199,0.6389758367698448
-0.9951417004048583,-0.9753564786112833,0.32173188141509923,0.6723284530818527,0.26029591535640517,0.5439446950217088,-0.9870410367170627,-0.9430988081507112,0.3453505718547986,0.6466931874689209,0.22647969998369477,0.42409913582259906,-1.0,-1.0,0.3270440251572327,0.6729559748427673,0.3123123123123123,0.6426426426426426,-0.9950584747158623,-0.9749408983451536,0.32164238410596024,0.672317880794702,0.2595553655408294,0.5425395468148781,-0.9974926870037609,-0.9834999514704456,0.31547030518752883,0.6791246457056226,0.27208641273450823,0.585730528709494
-0.9211667323610564,-0.9945434492366634,0.2666708711738984,0.7243104608139926,0.26041345897230606,0.7073145696044014,-1.0,-0.9775280898876404,0.21052631578947367,0.7807017543859649,0.21052631578947367,0.7807017543859649,-0.9118065433854907,-0.994191112401975,0.2637094694394298,0.7264905164935643,0.25692096847875745,0.7077889447236181,-0.9944328462073765,-0.997692529564465,0.2923702950152594,0.7053916581892167,0.29142161833299535,0.7031028189008315,-0.9210172972119106,-0.994587516368398,0.2668057487250811,0.7241749905171324,0.26053048542091073,0.7071424161985308
-0.921271045767133,-0.9930911393862629,0.2645656447362918,0.7264628382617424,0.258426277730114,0.7096049352453323,-0.95,-1.0,0.22346368715083798,0.776536312849162,0.22346368715083798,0.776536312849162,-0.909151382685546,-0.9919537858469156,0.26296981207516995,0.7267592962814874,0.2559406542624346,0.7073330901130974,-0.981203007518797,-0.998939179632249,0.2727505767751858,0.724942322481415,0.2714631968363312,0.721520602117617,-0.9211799222900642,-0.9930633833347785,0.26472008228552235,0.726274690904511,0.2585545873910815,0.7093593029215787
-0.9224942189618053,-0.9932893604817895,0.2621227322130257,0.7288270211520775,0.25554242399543564,0.7105306055913277,-0.9710144927536232,-1.0,0.34328358208955223,0.6517412935323383,0.3382352941176471,0.6421568627450981,-0.8998170173833486,-0.9911151330673358,0.261475434347059,0.7269818486289286,0.2531630909985813,0.7038709864211471,-0.974716881748749,-0.9982952931148783,0.2636256335485663,0.7331111573977643,0.2611955699250189,0.7263534429387081,-0.9222257857601026,-0.9932640548087164,0.2617803244967781,0.7291522364250782,0.2551972499590768,0.7108160091668031
-0.9293989580903507,-0.9940622614301468,0.2642110236867514,0.7265649074511576,0.25707603741904533,0.7069441112976733,-1.0,-1.0,0.34509803921568627,0.6549019607843137,0.34509803921568627,0.6549019607843137,-0.9033303097058443,-0.9906320923270076,0.2679327824456635,0.719012568571627,0.25763696457783863,0.6913831669615731,-0.96850699844479,-0.99890844589985,0.25881761006289306,0.7375094339622642,0.25623910336239103,0.7301618929016189,-0.9289125499099663,-0.9940340909090909,0.2637850563793317,0.7269422989550205,0.2566250778534547,0.7072107367448215
-0.9377173569396143,-0.993913018744489,0.2625114117354137,0.7294588762552909,0.25470064822643634,0.7077545597294359,-1.0,-1.0,0.3051948051948052,0.6948051948051948,0.3032258064516129,0.6903225806451613,-0.9060842433697348,-0.9897918219877272,0.26544641378167966,0.722088785820772,0.25329961274006163,0.6890460760294002,-0.9702018583787247,-0.9979683972911964,0.25956420492348636,0.7368596141051231,0.25615561391989494,0.7271831910702561,-0.937251154642459,-0.9938757404916578,0.2622368860674908,0.7296817574340126,0.25439591605218376,0.7078640304675472
-0.9346513733776034,-0.9926563332118732,0.2686071023187936,0.7231433436030484,0.26039456103120334,0.7010335612669968,-1.0,-1.0,0.3268698060941828,0.6731301939058172,0.3268698060941828,0.6731301939058172,-0.8867140135111727,-0.9861404435058078,0.2719649502991473,0.7138078861826919,0.2583228924288527,0.6780025058170753,-0.9716539644337479,-0.9974665042630938,0.2660713650432246,0.7301931765626668,0.26201653587443946,0.719065302690583,-0.9340642606974265,-0.9926059716656319,0.26817764165390506,0.7235119959162838,0.2599196532821436,0.7012329065326235
-0.9426217448874503,-0.9932663649409427,0.270516596354374,0.7210857279312266,0.26161929139162066,0.6973691807317026,-1.0,-1.0,0.3575757575757576,0.6393939393939394,0.35542168674698793,0.6355421686746988,-0.8987635239567233,-0.9871075382981951,0.2775930494476027,0.7071758017805427,0.26122943373372365,0.6654890481477743,-0.9695889760038013,-0.9967895878524946,0.2663418338290198,0.7292919066000126,0.2618595825426945,0.7170186953681525,-0.9421193232413179,-0.9932269257460097,0.2699411081286807,0.7216257361483915,0.26101609560518313,0.6977667589920393
-0.9481606579043983,-0.9934366257800732,0.2662248807569005,0.726718273516303,0.25692348324781167,0.7013281014186538,-1.0,-1.0,0.36065573770491804,0.6366120218579235,0.35772357723577236,0.6314363143631436,-0.8979544932199495,-0.9863862466183786,0.2714285714285714,0.7148471615720524,0.25359911406423036,0.667890656874745,-0.9717306862321968,-0.9965781389742194,0.2638501394978079,0.7321357399077606,0.258514406850576,0.7173300605282977,-0.9476532957662934,-0.9933952304902146,0.2655443985036425,0.7273675920456782,0.25621687342084765,0.7018180436558445
-0.9481101394811013,-0.9931027164685908,0.2663676439447899,0.725662694669567,0.25616958252337313,0.6978802184578358,-1.0,-1.0,0.3882063882063882,0.6093366093366094,0.3872549019607843,0.6078431372549019,-0.9045610334827313,-0.9853357075521106,0.2794724432655467,0.7034335396404362,0.2577992251750153,0.648881941140488,-0.9645559538032656,-0.9957369711179793,0.2617328990228013,0.7335244299674267,0.25555951351076284,0.7162230929723679,-0.9475107829519702,-0.9930570390942106,0.26540551028327514,0.726581296080714,0.2551718991922697,0.6985654858507284
-0.955741127348643,-0.9924589562986044,0.27138297671432077,0.7212517232913448,0.25991643605187476,0.6907772170673033,-1.0,-1.0,0.3353658536585366,0.6605691056910569,0.3326612903225806,0.655241935483871,-0.9105058365758755,-0.983417541132271,0.28074647246244877,0.7026854802002731,0.25445544554455446,0.6368811881188119,-0.9681020733652312,-0.9947492780257285,0.2689319925654101,0.726111614163847,0.261449718534992,0.7059096068756225,-0.9552270327349525,-0.9923942322928221,0.27078289711965536,0.7218208505690158,0.2592579073205453,0.6910989031045245
-0.9562386737364924,-0.9922363817452818,0.27382330778702835,0.719652276194152,0.2608414012850365,0.6855337103240603,-1.0,-1.0,0.35580524344569286,0.6441947565543071,0.35185185185185186,0.6370370370370371,-0.8916372202591284,-0.9809277517375141,0.287212449255751,0.6976770410464592,0.2571428571428571,0.6246340232205957,-0.969559585492228,-0.9943585077343039,0.2712162132490174,0.7239312298267572,0.26161731689753037,0.6983098233574787,-0.9556733972397852,-0.9921675727204803,0.27301074670081854,0.7204001707593222,0.25997278142066843,0.6859965711659803
-0.9628310561419413,-0.9910200147129703,0.27995721692469455,0.7146405133969037,0.2637799982919122,0.6733452899479033,-1.0,-1.0,0.33640552995391704,0.663594470046083,0.33588957055214724,0.6625766871165644,-0.9082855653986451,-0.975177304964539,0.2948678549477566,0.693300553165335,0.25855564537860415,0.6079223928860146,-0.9705708370304643,-0.9930676902804434,0.277962757430016,0.7174949644428001,0.26453846605246173,0.6828433386147136,-0.9622963741460852,-0.9909205160429865,0.27928308047916933,0.7152501330006787,0.2629678890366711,0.6734665676333926
-0.9666181956123159,-0.9926346323622146,0.2838097288762089,0.7113635140227162,0.2649191859978226,0.6640147391340758,-1.0,-1.0,0.3361945636623748,0.6638054363376252,0.33098591549295775,0.6535211267605634,-0.9454855195911414,-0.9789235980429055,0.3039088791095004,0.6878074035723531,0.26465284039675385,0.5989630297565374,-0.968312504268251,-0.9936195522872283,0.282312794015578,0.7131179147065628,0.2649405634261521,0.669235918869529,-0.9661147477859068,-0.9925474081825375,0.28314435237679897,0.7119675824974561,0.26412407831172136,0.6641410289007543
-0.9735202492211839,-0.9922969936878143,0.2907279519981886,0.7054605834182422,0.26552241120818904,0.6442985403849799,-0.9835164835164835,-0.9921671018276762,0.3192982456140351,0.6719298245614035,0.2692307692307692,0.5665680473372781,-0.9743589743589743,-0.989041095890411,0.2990415335463259,0.6996805111821086,0.28536585365853656,0.6676829268292683,-0.9734939759036144,-0.9923952277298652,0.2904749868761301,0.7056364590826901,0.26494529074819556,0.6436184362198301,-0.9732783834086679,-0.9922997105564961,0.29009988815611865,0.7061976937020324,0.2654339502796549,0.6461527603789897
-0.9845281862745098,-0.9882301802253654,0.3032470850559762,0.6946392901937102,0.26727261561137383,0.6122336178836824,-0.9632508833922262,-0.9532246633593197,0.3320037541060535,0.662130455185359,0.2375755540631296,0.4738079247817327,-1.0,-0.997539975399754,0.32865400495458297,0.671345995045417,0.32045088566827695,0.6545893719806763,-0.9840417127508295,-0.9879700281845054,0.302511770188562,0.6953134335492197,0.2658852689730502,0.6111286155397315,-0.9871145090627953,-0.9918774229278198,0.3000876469375129,0.6982109713342958,0.27139626512484555,0.6314550159699718
-0.9975105800348519,-0.9706977899180531,0.3303182304086835,0.6622810624126305,0.2674968369181594,0.5363254977691949,-0.995656894679696,-0.9250836120401338,0.37745901639344265,0.6127049180327869,0.2462566844919786,0.3997326203208556,-1.0,-1.0,0.27411167512690354,0.7258883248730964,0.2647058823529412,0.7009803921568627,-0.997476659096644,-0.9701681203387688,0.33124373119358075,0.6612337011033099,0.2675352730709512,0.5340579220954567,-0.998062015503876,-0.9810946790669309,0.3184857524945993,0.6747248225491205,0.2745411013567438,0.5816263190564867
-0.9180212014134276,-0.9933283914010378,0.26595601858067286,0.724431436780066,0.2592931937172775,0.706282722513089,-0.8888888888888888,-1.0,0.23684210526315788,0.7631578947368421,0.23684210526315788,0.7631578947368421,-0.9037484885126965,-0.9921373345564146,0.2624563630593462,0.7265312599174865,0.25501865614110825,0.7059422122174597,-0.9902140672782874,-1.0,0.2851909994767138,0.7128902843188557,0.28331311731069136,0.7081961531796915,-0.9181274698551019,-0.9932995830851697,0.2660753282467445,0.7242727346256504,0.2593828847771236,0.7060555088309504
-0.9258960121150934,-0.9938324354449192,0.2668372844827586,0.7250808189655172,0.25981009337949845,0.7059857307732662,-1.0,-1.0,0.26732673267326734,0.7326732673267327,0.2634146341463415,0.7219512195121951,-0.9074230877787186,-0.9918917495919549,0.26892861209154045,0.7208243197085278,0.2600748733759084,0.6970931512882625,-0.9723306136927988,-0.9984852310022722,0.2617212886454368,0.7354934546467367,0.2591469020040449,0.728258871116014,-0.9254897979900518,-0.9937983337691935,0.26683460642505014,0.7250392762338155,0.25979060629236,0.7058994171787231
-0.9253776132839852,-0.9925678186547752,0.2682822102353541,0.7221640769664278,0.26092290024534115,0.7023542308294618,-1.0,-1.0,0.3459715639810427,0.6540284360189573,0.3427230046948357,0.647887323943662,-0.8941311852704258,-0.9885693215339233,0.268517701068244,0.7182837467996822,0.25827955163043476,0.6908967391304348,-0.9739397036280021,-0.9986839631509682,0.2679170374426723,0.728181258128551,0.2651402249017748,0.7206340604254166,-0.9248286981056025,-0.9925295084416554,0.2678397927237396,0.7225520889560617,0.26046560457730766,0.7026587228681662
-0.9302232053086668,-0.9940231602540157,0.2684118202671704,0.7224396167858589,0.26045512870872284,0.7010239086600152,-0.9710144927536232,-0.9814814814814815,0.3898305084745763,0.6101694915254238,0.38764044943820225,0.6067415730337079,-0.8950243902439025,-0.9902871018425939,0.26421611589421046,0.7218642058050214,0.2522021554057379,0.6890408936568082,-0.9676415681393902,-0.9981203007518797,0.27302072714916753,0.7230716955487597,0.26984215828948843,0.7146535318482032,-0.9299382403563835,-0.9940739629435151,0.2678290579749444,0.7229784695482402,0.25985950695887816,0.7014654423952222
-0.9333333333333333,-0.9940554821664465,0.2686733260909886,0.7220794361569646,0.26070188970304664,0.7006556112610876,-0.9753086419753086,-1.0,0.36,0.6355555555555555,0.3568281938325991,0.6299559471365639,-0.886416613689341,-0.9905839596927397,0.27609407910133393,0.7083430844839691,0.26267742833286944,0.6739215140551071,-0.9741745065486073,-0.9968306371739848,0.26253087316577073,0.7334495617221173,0.25900621118012424,0.7236024844720497,-0.9329953275673526,-0.9940241248293925,0.26812559974410916,0.7225983580339055,0.26013758146270816,0.7010706527361126
-0.9406436693004433,-0.9941847786581377,0.2715829691466255,0.7200167482270432,0.26304717005043976,0.6973867639976681,-1.0,-1.0,0.3707865168539326,0.6292134831460674,0.36531365313653136,0.6199261992619927,-0.89900426742532,-0.9887693027608797,0.27887603305785125,0.7064462809917356,0.2634438823308975,0.6673536943351446,-0.9691558441558441,-0.9976231505139938,0.2668052668052668,0.7289067914067914,0.262776213633649,0.7178994966299804,-0.9400719914388559,-0.9941490528779346,0.27088494175934225,0.7206556685816687,0.26233984993109083,0.6979225154407637
-0.9403069390829488,-0.9925157703410671,0.2722705016790997,0.7192955471814196,0.26295461860315417,0.6946844594092744,-0.9603960396039604,-1.0,0.3482758620689655,0.6517241379310345,0.3482758620689655,0.6517241379310345,-0.8852367688022285,-0.9840825984082598,0.27400396885971606,0.7096626469241337,0.25622725001784313,0.6636214402969096,-0.9684255440193429,-0.9966952721070306,0.2713938317829158,0.7241672134944224,0.2665276724791509,0.7111827141774071,-0.9401140684410646,-0.9924650161463939,0.2717012319533046,0.7198016477698288,0.2623375975661455,0.6949951372783721
-0.9406725011515431,-0.9933450087565674,0.27344635614781976,0.7191979242763937,0.26354763523356317,0.6931630572011266,-1.0,-1.0,0.35294117647058826,0.6470588235294118,0.35051546391752575,0.6426116838487973,-0.8907378335949765,-0.9830402793365757,0.2800246175487955,0.7050290135396519,0.2591748718366018,0.6525347872080722,-0.9614080834419817,-0.9973698309872875,0.27080464640045193,0.7248879002930481,0.2654071075123707,0.7104398076057995,-0.9401097368176323,-0.9933011317561612,0.27286337799431587,0.7197269589930978,0.262928821184928,0.6935227522801184
-0.9513381995133819,-0.9936873885000687,0.27380394285573295,0.7191887290582052,0.2631803628601921,0.6912842404838135,-1.0,-0.9904306220095693,0.39067055393586003,0.60932944606414,0.3839541547277937,0.5988538681948424,-0.8892531876138433,-0.985643129211837,0.28229123817359114,0.7019744960921431,0.25866943083301924,0.6432340746324915,-0.9717432950191571,-0.9961472986291551,0.2711248173997728,0.724622626197046,0.2646974931068361,0.7074446169936298,-0.9507434096506431,-0.9937109091537372,0.2728064500074653,0.7201264121833474,0.2621723742108284,0.692055672469868
-0.9528140477262494,-0.9933383182652437,0.27214802107584857,0.7210390883470162,0.25998501662218476,0.6888139719998128,-1.0,-1.0,0.42196531791907516,0.5780346820809249,0.4183381088825215,0.5730659025787965,-0.8884859474161378,-0.9812912692589876,0.28285677650980895,0.6990639825618669,0.25417674847332644,0.6281829703882936,-0.9687605348915609,-0.996078431372549,0.26961764527661636,0.7262315942555899,0.2614661377993242,0.7042750110180697,-0.9521854183775892,-0.9932927246595031,0.27086680343063346,0.7222620430559331,0.25868051457571106,0.6897674967543963
-0.9605978260869565,-0.9926468108071643,0.28233714546021244,0.7108058212855739,0.26789207880249327,0.6744392374539333,-0.9858156028368794,-1.0,0.3542713567839196,0.6457286432160804,0.3525,0.6425,-0.9034639409426463,-0.9782145394269477,0.28902018709995075,0.6930904316428689,0.25588491717523976,0.6136297587910491,-0.9706440339490764,-0.9950440528634361,0.28119384546271337,0.7138364779874213,0.27012083288380623,0.6857266156003884,-0.9602922217447357,-0.9925825110581831,0.2816441141584566,0.7114327902979836,0.2671151108866339,0.6747325405206851
-0.9626634549208534,-0.9916309654279167,0.2769927320386036,0.7175265101870606,0.261060953150968,0.6762565691955262,-1.0,-1.0,0.3463302752293578,0.6513761467889908,0.3416289592760181,0.6425339366515838,-0.9235955056179775,-0.9792544570502432,0.2975925100312082,0.6876950512706197,0.25982872713117944,0.6004281821720514,-0.9677325298862863,-0.9930437356619551,0.2745270684916887,0.7210971477360655,0.26122169188585354,0.6861480654006297,-0.9621720561317877,-0.9915512790424783,0.2762647788292518,0.7182210021912399,0.2602531530714091,0.6765946828781417
-0.9660675289769864,-0.9918247777361447,0.2872237768985815,0.7082167326063881,0.26750848181184983,0.6596041072190891,-0.9880239520958084,-1.0,0.3576017130620985,0.6423982869379015,0.35607675906183367,0.6396588486140725,-0.9119804400977995,-0.9784714747039828,0.30285079600148096,0.6878933728248797,0.25984752223634056,0.5902160101651842,-0.9700577200577201,-0.9927270082548456,0.28613455136641636,0.709633299785812,0.26809158828791796,0.6648855146401025,-0.9657551750575006,-0.9917403723715456,0.2864218616567037,0.7089666951323655,0.2665652391116763,0.6598165220945547
-0.9719858156028369,-0.9930033878332597,0.2923718929006506,0.7038697804618854,0.2663329634264397,0.6411824428021627,-0.9188191881918819,-0.9800399201596807,0.3487773487773488,0.6447876447876448,0.27852004110996914,0.5149023638232272,-0.9832402234636871,-0.9943262411347518,0.336150234741784,0.6619718309859155,0.32223222322232226,0.6345634563456346,-0.971616919978026,-0.9929681297493479,0.291129118242883,0.7050591747521058,0.2648271179865186,0.641360748751273,-0.9732945771641385,-0.9932470455824424,0.2912125700984023,0.7050841180827425,0.26604639922667955,0.6441517641372644
-0.9847494553376906,-0.989109147360879,0.3041648719392996,0.6936483217918558,0.26532558744472384,0.6050752911933871,-0.964021164021164,-0.9662986635676932,0.3522176667909057,0.6414461423779352,0.2374968585071626,0.4325207338527268,-0.9914893617021276,-1.0,0.3197278911564626,0.6802721088435374,0.31333333333333335,0.6666666666666666,-0.9845723868082727,-0.9888426718864692,0.303776404265435,0.6939822047137132,0.26426186888829806,0.6037105970634288,-0.9871281117182756,-0.991152284792339,0.29947632555094916,0.6987417266710306,0.26894186806009146,0.6274983670803397
-0.9976553341148886,-0.9703228393823943,0.33613555759884406,0.6550637068172862,0.27105179536066093,0.5282279419553013,-1.0,-0.9173553719008265,0.37962962962962965,0.6032763532763533,0.23890632003585835,0.3796503809950695,-1.0,-1.0,0.3939393939393939,0.6060606060606061,0.3939393939393939,0.6060606060606061,-0.9976067012365377,-0.9698390055023436,0.3351156262531747,0.6559283518246224,0.2693092705983457,0.5271242883231282,-0.9970384995064165,-0.981159420289855,0.3263005314865518,0.6667740376872282,0.280998613037448,0.5742024965325936
-0.9207161125319693,-0.9955077658303465,0.2693022935463875,0.7206074798539844,0.2627246766336301,0.7030068872837225,-0.9673469387755103,-0.9970457902511078,0.26515151515151514,0.7326839826839827,0.2628755364806867,0.7263948497854077,-0.8960709759188846,-0.9944564629529475,0.2683282320361463,0.7186513141913229,0.25996705107084017,0.6962579430454224,-0.9799738789725729,-0.9980433719223871,0.2716735659373152,0.7253696037847428,0.26960093896713616,0.7198356807511737,-0.9192079207920792,-0.9954563413670486,0.26943871380806717,0.7202105712456427,0.2627198002289044,0.7022508930739084
-0.9116948092557848,-0.9947059935715636,0.2714955175224124,0.7184189079054605,0.264542386341076,0.7000198530871551,-0.9696969696969697,-1.0,0.26294820717131473,0.7330677290836654,0.2619047619047619,0.7301587301587301,-0.8756518251103088,-0.9923189185037253,0.2730110058588403,0.7128620708536385,0.26322458029775103,0.6873086263330166,-0.9714190761050183,-0.9985252550079882,0.26902101028162717,0.7274921770227983,0.2667553191489362,0.7213652482269504,-0.9112120065582041,-0.9946595460614153,0.2715689968147412,0.718292975305682,0.26456456456456456,0.6997664330997664
-0.9231747646909183,-0.9917217755364194,0.269532723096438,0.720593781068943,0.26246911931628497,0.7017092875742805,-1.0,-1.0,0.24404761904761904,0.7559523809523809,0.24404761904761904,0.7559523809523809,-0.8832593976184917,-0.9864852849648795,0.27162607813292744,0.7132800608828006,0.261015296483637,0.6854165397038211,-0.9709416037999441,-0.9977486696684404,0.2670696216700246,0.7291993134840683,0.26423034330011075,0.7214470284237726,-0.9227720240378469,-0.9916714531878231,0.26968035584979827,0.7203889521050998,0.2625730208822937,0.7014033438528168
-0.922742389357892,-0.9913576143216677,0.2681989708404803,0.7224356775300171,0.2606782034610383,0.7021773198626254,-1.0,-1.0,0.35195530726256985,0.6480446927374302,0.34806629834254144,0.6408839779005525,-0.8772525463567511,-0.9850444624090542,0.2745590133371576,0.7095941488598881,0.26226027397260276,0.6778082191780822,-0.9664076209576334,-0.9969542237749709,0.26236516706129964,0.734214680347277,0.25917744136183485,0.7252940029887597,-0.9221147646679562,-0.9913097454996896,0.2676814745780263,0.7228953091022057,0.26014760147601473,0.702549480040255
-0.9315415821501014,-0.9940459577635129,0.2659025787965616,0.7246923984493511,0.25774408574042607,0.7024571951378905,-0.9629629629629629,-1.0,0.27,0.725,0.26865671641791045,0.7213930348258707,-0.8787330316742081,-0.9899232795144853,0.27072274397713353,0.7131890567578604,0.25622198175915906,0.6749884062451693,-0.9698228733872731,-0.9968664316490403,0.26251435132032147,0.7327784156142365,0.2588588248613155,0.7225744367711989,-0.9313249936175645,-0.9940055261555754,0.26587476667232307,0.7246903105379263,0.2576719402690524,0.7023320067098642
-0.9326757090012331,-0.9939422180801492,0.27227556570200767,0.720472705297791,0.2636198153686127,0.6975685866597322,-1.0,-1.0,0.2893401015228426,0.7055837563451777,0.2864321608040201,0.6984924623115578,-0.8716577540106952,-0.9873066243554145,0.2793129200896191,0.7060306198655714,0.26261739664706396,0.6638286667251821,-0.9683470105509965,-0.9975534287975822,0.2683233721296005,0.7285834119744155,0.26420938516338854,0.7174126271230189,-0.9321991804296536,-0.9939027250128981,0.2721619520767853,0.7205718341275474,0.26347129069196795,0.6975625715687879
-0.9396479463537301,-0.9932613941629104,0.2733641035713117,0.7189433369341058,0.26380464998736414,0.6938021228203184,-1.0,-1.0,0.36548223350253806,0.6294416243654822,0.36363636363636365,0.6262626262626263,-0.8804388951948543,-0.9868950111690246,0.2779764408918805,0.7062473706352546,0.2587371512481645,0.6573666177190406,-0.9670637701471618,-0.9960650577124869,0.2712798821348795,0.724680385913217,0.2662189263560468,0.7111608600345133,-0.9391230824978862,-0.9932231329273319,0.2727662098049552,0.7195242488139167,0.2631762985568059,0.6942272235997202
-0.9407105136821892,-0.9940010907107799,0.27245675419378046,0.719531735391256,0.2622517390072708,0.6925812848194894,-1.0,-0.9861111111111112,0.3656387665198238,0.6343612334801763,0.3656387665198238,0.6343612334801763,-0.8663028649386084,-0.9885530316580218,0.2768475387133325,0.7038902178018381,0.25457281778189395,0.6472563093308636,-0.9673895320397847,-0.9958569426673978,0.27091615867126073,0.7250198780811026,0.2651190939350711,0.7095059006613929,-0.9401139532064493,-0.994053064958829,0.2717598998484549,0.7201686762864862,0.2615077352269845,0.6930002536139995
-0.9434429126899965,-0.9922644479424331,0.2743583112432922,0.7187883881812892,0.2626009468114731,0.6879853955877347,-1.0,-1.0,0.38589211618257263,0.6141078838174274,0.38589211618257263,0.6141078838174274,-0.8708708708708709,-0.9779099405267629,0.29317681584739547,0.6908290535583272,0.2647058823529412,0.6237413884472708,-0.965788257050393,-0.9961202715809894,0.26904100501679173,0.7266885028400846,0.2619595494731743,0.7075612611521537,-0.9428162973552537,-0.9922126137546974,0.27348255302511976,0.7196103346039814,0.2616746679967579,0.6885404326953052
-0.9569174058288216,-0.9928205577200893,0.27340010078105315,0.719419249181154,0.2605967819404419,0.6857288664745437,-1.0,-0.9880239520958084,0.35019455252918286,0.6498054474708171,0.35019455252918286,0.6498054474708171,-0.8898623279098874,-0.9826042466103863,0.28449350186932526,0.6959230906177675,0.2516535433070866,0.6155905511811024,-0.9720457433290979,-0.9949297559945073,0.27101587908934377,0.7244691027357949,0.2627030635709517,0.7022476077442327,-0.9564660691421255,-0.9928558828717586,0.2727734561041435,0.7199872995713605,0.2599001663893511,0.6860081682045076
-0.9577559231113097,-0.993897388954274,0.27882338277452323,0.7148510532219868,0.26431145507177883,0.6776451822532049,-1.0,-1.0,0.41762452107279696,0.578544061302682,0.41132075471698115,0.569811320754717,-0.8851963746223565,-0.9823644676681907,0.29752808988764046,0.6880898876404494,0.26083530338849487,0.6032308904649331,-0.9703567681007346,-0.99567382665124,0.2758121698864047,0.7191592504160336,0.2649245951768712,0.6907707276391688,-0.95723498133273,-0.9938569548047389,0.27768527536049764,0.7159687097483585,0.26315162702075084,0.6784959361695794
-0.9614647887323944,-0.9916873010258225,0.2802956131762625,0.7142721788838707,0.2627449819409083,0.6695482266564036,-1.0,-1.0,0.3482758620689655,0.6517241379310345,0.3470790378006873,0.6494845360824743,-0.920997920997921,-0.9806094182825484,0.3036616161616162,0.6837121212121212,0.25797801019039956,0.580852775543041,-0.9663844306836851,-0.9928606356968215,0.2776978417266187,0.7176697666257238,0.26333655030117475,0.6805550933475324,-0.9610211989970368,-0.9916172470682659,0.27966722978357184,0.7148503490262328,0.26201212410786273,0.6697225789112192
-0.9738339021615472,-0.9937519808031874,0.28343866890236036,0.7122081774796852,0.2630712596893425,0.6610301379702511,-0.9849624060150376,-1.0,0.38328530259365995,0.6167146974063401,0.382183908045977,0.6149425287356322,-0.937037037037037,-0.9850074962518741,0.2849604221635884,0.7039577836411609,0.24445450430058852,0.6038931643277501,-0.9762424242424242,-0.9943140750734833,0.28333962976955046,0.7127451317099976,0.2643891808742469,0.6650749903858479,-0.9736629317315467,-0.9936908517350158,0.28230882113158323,0.7132887656937877,0.2618176319370936,0.6615151973385756
-0.9742040436904486,-0.9912395529151143,0.30133053221288514,0.6954481792717087,0.2729637147931997,0.6299797005836082,-0.9638009049773756,-0.9820359281437125,0.3981981981981982,0.6018018018018018,0.3157142857142857,0.47714285714285715,-0.9906103286384976,-0.9960552268244576,0.29542302357836336,0.7031900138696255,0.2787958115183246,0.6636125654450262,-0.9737876802096985,-0.9911134073882718,0.30148353029922054,0.6952476741262258,0.2728188792094656,0.6291444545572747,-0.9744782349433512,-0.991396968455551,0.2994108194965185,0.6973040528477058,0.27199299338263916,0.6334501102893474
-0.9855161787365178,-0.9896456666442547,0.30304445274561076,0.6944807620470677,0.2628807517822424,0.6024384316267012,-0.9686520376175548,-0.9547738693467337,0.3456121343445287,0.6468039003250271,0.22818311874105865,0.4270386266094421,-1.0,-0.9936102236421726,0.29910714285714285,0.6986607142857143,0.2945054945054945,0.6879120879120879,-0.9852108244178729,-0.9895604395604396,0.3031285768790538,0.6943914536436475,0.26228696405727725,0.6008335740519127,-0.9873547505126452,-0.9926895240880181,0.29902912621359223,0.698978027593255,0.26731226018636944,0.6248401242463
-0.9974619289340102,-0.9639107611548556,0.3371844244758237,0.6521181001283697,0.2694938440492476,0.521203830369357,-0.9935064935064936,-0.9326315789473684,0.3888888888888889,0.5997474747474747,0.22933730454207,0.3536857781087118,-1.0,-1.0,0.20454545454545456,0.7954545454545454,0.1956521739130435,0.7608695652173914,-0.9974326059050064,-0.9630624580255205,0.33972961186218925,0.6493676406454426,0.27067407922168174,0.5173731758165393,-0.998422712933754,-0.969685192382433,0.32663575476558476,0.6628026790314271,0.281465038845727,0.5711431742508324
-0.9160342321976425,-0.9933037073111342,0.2711471103327496,0.7192206654991243,0.2643643814565013,0.7012294032271835,-0.9767441860465116,-0.9981818181818182,0.2374870555747325,0.7594062823610632,0.23545516769336072,0.7529089664613279,-0.8748988945807495,-0.9909420289855072,0.2680494326804943,0.7180747271807473,0.2585029272372456,0.6925006969612489,-0.9774557165861514,-0.9969188106609151,0.27590803065644787,0.7209818949239143,0.2736285525446133,0.7150253359770875,-0.9084468664850136,-0.9925493779433472,0.2760367046081332,0.7133831419545705,0.26848419820522823,0.6938646117830667
-0.9229010127409344,-0.9943150892047172,0.267698631334995,0.7230311775766322,0.26075474912684216,0.7042763438112275,-0.9867549668874173,-1.0,0.21757925072046108,0.7795389048991355,0.21540656205420827,0.7717546362339515,-0.8812865497076023,-0.9907904834996163,0.2689736531655525,0.7173417223751475,0.2586402480526356,0.6897829539438857,-0.9755736491487786,-0.9986512004316158,0.26610202875714006,0.7301556037029742,0.26348122866894197,0.7229644076060459,-0.9212862167141183,-0.9941227960485182,0.26926719278466743,0.7212626832018039,0.26215041489221586,0.702199587302981
-0.9310018903591682,-0.994155534351145,0.27224771625852384,0.7191319638032337,0.2648420876966081,0.6995702782761066,-0.9692307692307692,-1.0,0.34210526315789475,0.6578947368421053,0.34210526315789475,0.6578947368421053,-0.8883280757097792,-0.9910215966998301,0.27393708952644313,0.7122364327687521,0.26211344468331405,0.6814949561766165,-0.973568281938326,-0.9971850809289233,0.270583226905066,0.725925925925926,0.2676210526315789,0.717978947368421,-0.9306063982174121,-0.9941116385267079,0.2716738011847624,0.7196350585895274,0.26422473611169517,0.6999032759998318
-0.9231134314190793,-0.9940187810275735,0.2720933235762559,0.7196849037923464,0.26467632526589063,0.7000669960639813,-1.0,-1.0,0.3227848101265823,0.6772151898734177,0.3167701863354037,0.6645962732919255,-0.8612389380530974,-0.9890395944649952,0.27504624671404926,0.710641612306494,0.26222964819456046,0.6775271512113618,-0.9731121281464531,-0.9978768577494692,0.2697530864197531,0.7268518518518519,0.2666870089251659,0.718590281486002,-0.9224880382775119,-0.9939802552371779,0.27174619685346507,0.7199757292072986,0.2643227519919059,0.7003077441929092
-0.9297700435052828,-0.9930518119197365,0.27593894700737437,0.7157863145258103,0.26726464847805326,0.693285162576305,-1.0,-1.0,0.3333333333333333,0.6666666666666666,0.3333333333333333,0.6666666666666666,-0.8683484430429641,-0.9872428639770372,0.28330541596873254,0.7002791736460078,0.267249552301696,0.660592015169072,-0.969735829699923,-0.9965464313123561,0.27134804092142806,0.7254506228686757,0.26727447216890593,0.7145599122566493,-0.9292312509785502,-0.9930107850816413,0.275574923415455,0.7160978556327393,0.2668588618701429,0.693448650455419
-0.9419022333281274,-0.9932813437312538,0.27545708754570875,0.7171434717143472,0.2659494932713075,0.692390762585147,-1.0,-1.0,0.3404255319148936,0.6595744680851063,0.3404255319148936,0.6595744680851063,-0.8873751135331517,-0.9834254143646409,0.284349173553719,0.7011880165289256,0.2647907647907648,0.652958152958153,-0.9704832182813615,-0.9980427046263345,0.2710147732404361,0.7251145087413715,0.26656091370558377,0.7131979695431472,-0.9414634146341463,-0.9932436508415274,0.27506059556786705,0.7174948060941828,0.26551075830373927,0.6925840818884479
-0.936969696969697,-0.9934059464233147,0.2776725987630948,0.7145862257562371,0.26777020447906524,0.6891025641025641,-1.0,-1.0,0.36551724137931035,0.6344827586206897,0.36054421768707484,0.6258503401360545,-0.844400396432111,-0.9831685251420156,0.2934419078086375,0.6911443943580049,0.2719676549865229,0.6405660377358491,-0.9777389786119598,-0.9973839110529757,0.2712526639829505,0.7241297655695004,0.2659623868121662,0.7100069654051544,-0.9364594470749962,-0.9933700349257089,0.27713342363697935,0.7150778868946833,0.26721358311905635,0.6894820619566548
-0.9500148765248438,-0.9941711354628119,0.27921079958463135,0.7126064382139149,0.2677980956933987,0.6834787458666985,-1.0,-0.9819819819819819,0.3620689655172414,0.6379310344827587,0.3620689655172414,0.6379310344827587,-0.8837485172004745,-0.9837478453582862,0.2875660924441412,0.6926488146000341,0.2616387337057728,0.6301986343885785,-0.9722001588562351,-0.9974035891561664,0.2765209751811992,0.7190314078629475,0.26992549713244357,0.7018813314037626,-0.9495419732692596,-0.9942505133470226,0.27860758964060084,0.7131500774026192,0.2671400489429133,0.6837966863240663
-0.9536074710046694,-0.9915803845716237,0.27210131562768963,0.7204393622689454,0.2604959585654869,0.6897119987444087,-1.0,-1.0,0.31875,0.68125,0.3148148148148148,0.6728395061728395,-0.8880114860014358,-0.9803411390575311,0.28084677419354837,0.6973790322580645,0.25368785285011836,0.6299399016572573,-0.9710255432710637,-0.994333876336851,0.2698698492720819,0.7263233705437523,0.2623655913978495,0.7061265316329082,-0.9532483302975107,-0.9915278493331043,0.2717933908164528,0.7206980485993647,0.26014847575422523,0.6898199336597693
-0.9502961999711025,-0.9932470455824424,0.2783878363702184,0.7147741442419855,0.26441260744985673,0.6788920725883476,-1.0,-1.0,0.3722943722943723,0.6277056277056277,0.3706896551724138,0.625,-0.843103448275862,-0.979296066252588,0.2807357212003872,0.7013552758954501,0.24712398806987643,0.6173838943331913,-0.9718798819649367,-0.9959655728886498,0.27791982247093444,0.7174489845144484,0.2681904939248638,0.6923327591825335,-0.9496708119970739,-0.9931914893617021,0.27750710515631344,0.715590742996346,0.2634622056045947,0.6793740122576417
-0.9572563176895307,-0.9928146401706522,0.2783024554917012,0.7159104609572801,0.2628881633892643,0.6762584465871991,-1.0,-1.0,0.38317757009345793,0.616822429906542,0.3778801843317972,0.6082949308755761,-0.8752834467120182,-0.9821344616831218,0.2888015717092338,0.6964636542239686,0.24575090554471998,0.5926441905823349,-0.9692205858017541,-0.9942627653471027,0.276833570021531,0.7186311787072244,0.2655913505911308,0.6894475453786314,-0.9567441180768669,-0.9927609998868906,0.2773926790708987,0.7167700352669342,0.26193301435406696,0.676822966507177
-0.9571166596134857,-0.9926045759186504,0.2891109298531811,0.7058727569331158,0.27012917730442404,0.6595282551537552,-0.9761904761904762,-1.0,0.4,0.6,0.3981042654028436,0.5971563981042654,-0.8972972972972973,-0.9682959048877147,0.3231441048034934,0.6611353711790393,0.27245949926362295,0.5574374079528719,-0.9640888328870688,-0.9949347853615297,0.2856050382366172,0.7104813315339631,0.26986016066646834,0.6713138096654907,-0.956887937187723,-0.9925503433826097,0.2881530234471411,0.7067873303167421,0.2690918869084204,0.6600338045482483
-0.9677276091783864,-0.9913064477179425,0.2883302031756872,0.7070172443230323,0.26610202875714006,0.652511325585976,-1.0,-1.0,0.3140495867768595,0.6859504132231405,0.31020408163265306,0.6775510204081633,-0.9396751740139211,-0.9906213364595545,0.33153846153846156,0.6561538461538462,0.27539936102236423,0.5450479233226837,-0.969639468690702,-0.9913436445802304,0.2857917570498915,0.7100054229934925,0.2654911838790932,0.6595717884130983,-0.9673603832909118,-0.991218441273326,0.28806176140774603,0.7072371258518071,0.2656722354813047,0.6522673031026253
-0.9789808917197452,-0.9920200175830121,0.2975034345539817,0.7005068927945426,0.2691467020957442,0.6337376248232117,-0.9733333333333334,-0.9404255319148936,0.38961038961038963,0.6103896103896104,0.3157894736842105,0.49473684210526314,-0.9705882352941176,-0.9936908517350158,0.29955947136563876,0.698237885462555,0.2839248434237996,0.6617954070981211,-0.9791666666666666,-0.9919834139599171,0.2974582425562818,0.700556765916243,0.2688369650826989,0.6331495580642338,-0.9791190864600327,-0.9928532160527762,0.2957923180853117,0.7021810461300907,0.2681774433458745,0.6366261265202555
-0.9896036387264457,-0.9881333584479186,0.30227838156344117,0.6951682597878748,0.2595570047222847,0.5969192714189341,-0.9630484988452656,-0.975,0.3477911646586345,0.642570281124498,0.22412008281573498,0.4140786749482402,-1.0,-1.0,0.3356643356643357,0.6608391608391608,0.32764505119453924,0.6450511945392492,-0.9893828798938288,-0.987918304727203,0.30164131305044034,0.6958233253269283,0.25841669048299515,0.5961131751929123,-0.9923518164435946,-0.9892035037685883,0.29823936132297385,0.6998360538883741,0.26387487386478303,0.6191977800201817
-1.0,-0.9750406945198047,0.3452092701487375,0.6374956762365963,0.2731253420908593,0.5043787629994526,-1.0,-0.9194139194139194,0.40404040404040403,0.5515151515151515,0.23501762632197415,0.3207990599294947,-1.0,-1.0,0.4657534246575342,0.5205479452054794,0.4533333333333333,0.5066666666666667,-1.0,-0.9745152354570638,0.3420865862313698,0.6405251951738822,0.26934898016205644,0.5043308186644314,-1.0,-0.9847133757961783,0.3330550918196995,0.6552587646076795,0.28469496967534785,0.560114163396361
-0.9096517412935323,-0.9941221964423821,0.27711906468868913,0.7130645783929852,0.26950925181013674,0.6934835076427996,-0.951271186440678,-0.9992955265938711,0.24874835309617918,0.7480895915678525,0.24699110413396128,0.7428048142333856,-0.8536009445100354,-0.989548555668457,0.26501877346683356,0.7185022945348352,0.25331472435450103,0.6867710098694049,-0.966988727858293,-0.9993378579705346,0.2906963136337039,0.7069631363370392,0.2883677733921523,0.7013002089621546,-0.9000245037980887,-0.9926667327321376,0.28462826056632723,0.7037941135444274,0.275315388247993,0.6807663765769413
-0.9184404217226975,-0.9931772367808963,0.27782690394605947,0.7128329833093843,0.2696599077352215,0.69187855380324,-0.9809523809523809,-0.9975918121613486,0.23874488403819918,0.755343337880855,0.23553162853297444,0.7451772095109914,-0.8541251494619371,-0.9885804916732752,0.2803038766618255,0.7043905708859345,0.26677299308878255,0.670388091440723,-0.982525814138205,-0.9975731836796602,0.2754019468445806,0.721098107842065,0.27259932878640253,0.7137598787485114,-0.9111505997334518,-0.9925246952033461,0.28323372129600505,0.706951871657754,0.2742947663437519,0.6846402242125145
-0.9171549808042029,-0.9953941813157289,0.272582066534479,0.7175038554747741,0.264468551274515,0.6961470635387164,-0.9764705882352941,-1.0,0.25,0.75,0.2478134110787172,0.7434402332361516,-0.856532877882152,-0.9917483238782878,0.28189696677900816,0.700168512277323,0.26802471961547264,0.6657129777981231,-0.971614883007288,-0.9983356449375866,0.2647238017871649,0.7321283509341998,0.2613533834586466,0.7228070175438597,-0.9161184210526315,-0.995302223614156,0.27301302200269423,0.7168837000449034,0.2647795318454001,0.695264017419706
-0.9284286285485805,-0.9927311274324222,0.272128828681791,0.7185136826070398,0.263429534442806,0.6955445544554455,-1.0,-1.0,0.25735294117647056,0.7426470588235294,0.25547445255474455,0.7372262773722628,-0.8605817452357071,-0.9855045530570526,0.26561875582789396,0.7167976555215132,0.24987468671679197,0.6743107769423559,-0.973404255319149,-0.9976999744441605,0.276623137759794,0.7196983630678683,0.27325581395348836,0.7109375,-0.9279243003825247,-0.9926751106363497,0.27223896958070704,0.7183337900794738,0.2634873481512917,0.695241631743674
-0.9279533105252565,-0.9936030943171675,0.2670356835769562,0.7224849527085124,0.2580226399418423,0.6980994911205732,-1.0,-1.0,0.20155038759689922,0.7906976744186046,0.20155038759689922,0.7906976744186046,-0.8420479302832244,-0.9869087837837838,0.27325494865307337,0.7048667956541151,0.2553546592489569,0.658692628650904,-0.978295563357804,-0.9972439136426274,0.26352090167381614,0.7324417528808141,0.25961219754723236,0.7215777262180975,-0.9275743475622091,-0.9935541897766452,0.26749282969857674,0.7220087667081552,0.25840347116942863,0.6974750379005699
-0.9378977820636452,-0.994924236769426,0.2766661330772104,0.7148497945680593,0.2672542652440596,0.6905314159063966,-1.0,-1.0,0.3007518796992481,0.6992481203007519,0.2962962962962963,0.6888888888888889,-0.8732307692307693,-0.9883410250182172,0.2780153977758768,0.7043627031650984,0.25777284263959394,0.6530774111675127,-0.9674157303370786,-0.9978448275862069,0.2760545905707196,0.7196029776674938,0.27181797358173626,0.7085592120332901,-0.9374149659863945,-0.9948887552615755,0.276493981083405,0.7149613069647464,0.26705076300218,0.6905429253607391
-0.9390011437285551,-0.9955509417173365,0.2778160249960282,0.7141873642959276,0.26800858281393686,0.688975171145397,-1.0,-1.0,0.3813559322033898,0.6186440677966102,0.37815126050420167,0.6134453781512605,-0.8640636297903109,-0.9904009034443817,0.2757177033492823,0.706140350877193,0.2549308755760369,0.6529032258064517,-0.9658296660626456,-0.9973853580048271,0.2785750342539843,0.7170981466791664,0.273022828468443,0.7028058520036752,-0.938473370505672,-0.9955267278013867,0.27716493471889153,0.7147881694644285,0.2673348753533796,0.6894371626831148
-0.9499526066350711,-0.9931322782920274,0.280525420123378,0.7124016166773027,0.2679569237021233,0.6804835924006909,-1.0,-1.0,0.35714285714285715,0.6428571428571429,0.3543307086614173,0.6377952755905512,-0.889967637540453,-0.9792503346720214,0.2874418604651163,0.6948837209302325,0.2580375782881002,0.6237995824634656,-0.9683089873731121,-0.9971176018447349,0.2784749034749035,0.7175951461665747,0.27114661654135336,0.6987110633727175,-0.9495219885277246,-0.9930904994367254,0.2800085662276475,0.7128707570403684,0.2673960836443581,0.6807607750907511
-0.9502824858757062,-0.9935962741958958,0.2766489527977493,0.7159529019485256,0.2647850802832353,0.6852498254712277,-1.0,-1.0,0.34306569343065696,0.656934306569343,0.34057971014492755,0.6521739130434783,-0.8622696411251213,-0.9787735849056604,0.2820793433652531,0.6960328317373461,0.2522632737949596,0.6224614631759237,-0.9714886655760692,-0.9969637435256296,0.27537164553703586,0.7206383937190295,0.2679902298490637,0.701321475543308,-0.9498384951548546,-0.9935540580134778,0.2761714855433699,0.7163771842367634,0.26425989154448687,0.685479011849769
-0.9451802796173657,-0.9915433403805497,0.28202334630350195,0.7116472114137484,0.2675987004036625,0.675248597026681,-1.0,-1.0,0.375886524822695,0.624113475177305,0.3706293706293706,0.6153846153846154,-0.8519388954171563,-0.9715267550319097,0.28925900747790617,0.6923861318830727,0.2505889281507656,0.5998233215547704,-0.9624863685932388,-0.9950342465753425,0.28072001469417746,0.715116635033368,0.27101312211845374,0.6903889348622768,-0.9446405350176481,-0.9914887372514491,0.28133166091773804,0.7122922546252743,0.2668682762381637,0.6756729958851817
-0.964873765093304,-0.9931014237487157,0.2844208554480175,0.7090227911333126,0.2683884906216243,0.6690562702543454,-1.0,-1.0,0.38823529411764707,0.611764705882353,0.38596491228070173,0.6081871345029239,-0.9190751445086706,-0.9832366215344939,0.3037752414398595,0.6808604038630377,0.2587883320867614,0.5800299177262528,-0.9715123586091328,-0.9943685300207039,0.2818181818181818,0.7128099173553719,0.2698394754691386,0.6825118697716482,-0.9644444444444444,-0.9930483656263867,0.28349433011339775,0.7098908021839563,0.2673929190393662,0.6695716761574647
-0.9606021185653224,-0.9928427644822188,0.28492004659536163,0.710208620141904,0.2657283950617284,0.6623703703703704,-0.971830985915493,-1.0,0.4152046783625731,0.5847953216374269,0.40804597701149425,0.5747126436781609,-0.8498985801217038,-0.9718804920913884,0.2980652962515115,0.6880290205562273,0.2463768115942029,0.5687156421789106,-0.9717675941080196,-0.9947861507128309,0.28365831012070564,0.7123375116063139,0.26785029316674885,0.6726395966902295,-0.96045197740113,-0.9927890032299256,0.28372962864012824,0.7113545284531124,0.26449491930663477,0.6631301055987249
-0.9657469077069457,-0.9933184855233853,0.29354262093620825,0.7022679030275947,0.26958395321397427,0.6449494690401683,-1.0,-1.0,0.32085561497326204,0.679144385026738,0.32085561497326204,0.679144385026738,-0.9649122807017544,-0.9767441860465116,0.31596452328159647,0.6674057649667405,0.25132275132275134,0.5308641975308642,-0.96579476861167,-0.9941520467836257,0.2923529411764706,0.7041176470588235,0.27071191241353015,0.6519962960945586,-0.9653512993262753,-0.9932503013258337,0.29325430426192495,0.7025119954840531,0.26908733036361754,0.6446182533927276
-0.9797813080255828,-0.9920941514688707,0.30263486513486515,0.6949925074925075,0.27132781012091356,0.6230967308553516,-1.0,-0.9895287958115183,0.31690140845070425,0.6725352112676056,0.2465753424657534,0.5232876712328767,-0.9801980198019802,-0.9906103286384976,0.32063492063492066,0.6761904761904762,0.30149253731343284,0.6358208955223881,-0.9797724399494311,-0.9921230994687672,0.30227374052608114,0.6953697216737788,0.2707513263734383,0.6228535569627475,-0.9793987807441665,-0.9921389396709324,0.3023773201118739,0.6953979150775489,0.27184410537745013,0.6251785816332361
-0.9909310761789601,-0.9860776439089692,0.3055889145496536,0.6900692840646652,0.2629988869454603,0.5938941008109397,-0.9715302491103203,-0.927797833935018,0.3301997649823737,0.6509988249118684,0.20907738095238096,0.41220238095238093,-1.0,-1.0,0.3146067415730337,0.6853932584269663,0.3076923076923077,0.6703296703296703,-0.9907749077490775,-0.9858464888405009,0.3054381515919977,0.6901474593782286,0.2623426911907067,0.5927718618909326,-0.9927320779649819,-0.9907460960092539,0.3034890715861239,0.6934028474032484,0.2694498842798647,0.6156311198148477
-1.0,-0.959743824336688,0.3522267206477733,0.6321573163678427,0.2682819383259912,0.4814977973568282,-1.0,-0.8561151079136691,0.44727272727272727,0.5054545454545455,0.22862453531598512,0.258364312267658,-1.0,-1.0,0.2777777777777778,0.7222222222222222,0.2702702702702703,0.7027027027027027,-1.0,-0.9587628865979382,0.3538098050797401,0.6302421736562316,0.2682489923869234,0.47783251231527096,-1.0,-0.9748427672955975,0.3342503438789546,0.656121045392022,0.2806004618937644,0.5508083140877598
-0.9151234567901234,-0.9939823352421625,0.2712810493999442,0.7188808261233604,0.26327193932827736,0.6976570964247021,-0.9650273224043716,-0.9979188345473465,0.2402205303229194,0.7568915725912313,0.23790951638065522,0.749609984399376,-0.8537886872998933,-0.9905269390171699,0.26532634857709186,0.7174005380150078,0.2520172135556751,0.6814147391070468,-0.9721946375372393,-0.9973262032085561,0.2770669968358784,0.7203191635713303,0.2746863066012002,0.7141298417894163,-0.8997645475950219,-0.9924528301886792,0.2825239950584434,0.7051221134657417,0.2722028932429958,0.6793627540743453
-0.9183571249686953,-0.9935590904655021,0.27775459098497496,0.7127851975514746,0.26996146305185587,0.6927861537421405,-0.9893899204244032,-1.0,0.24975157336866513,0.7479297780722094,0.24745651460452905,0.7410567771578602,-0.8489751887810141,-0.9869819917552615,0.2820629849383843,0.7012018865054008,0.26842333864195744,0.6672940495149848,-0.978494623655914,-0.9989357928343384,0.27412533640907344,0.7225426118159682,0.2713089802130898,0.7151192288178589,-0.9018215498610682,-0.9917386406308675,0.2851985559566787,0.7034428106013912,0.275800408719346,0.6802622615803815
-0.9153674832962138,-0.9945867568873852,0.2780568361659671,0.7118282529415813,0.27003007016371533,0.6912796525225526,-0.9759036144578314,-0.9979166666666667,0.25577812018489987,0.7395993836671803,0.2540168324407039,0.7345065034429993,-0.8388625592417062,-0.9909502262443439,0.28156797331109257,0.7004170141784821,0.2664561957379637,0.6628255722178374,-0.9702507437314067,-0.9970712658639765,0.2755914734129773,0.7198407121105646,0.27265353418308225,0.7121668597914252,-0.9099487732542464,-0.9942461374533831,0.28024178315073667,0.7091046467699282,0.27156245423927367,0.6871430663347489
-0.9289793891234169,-0.9932065217391305,0.2787815853236414,0.7133264105226722,0.26936454849498326,0.6892307692307692,-1.0,-1.0,0.28735632183908044,0.7126436781609196,0.2857142857142857,0.7085714285714285,-0.8655569782330346,-0.9861360718870347,0.2818477084085168,0.7028148682785997,0.2636731937879811,0.6574949358541526,-0.9691683569979715,-0.9975035106880948,0.2768729641693811,0.7198697068403909,0.27309993352537115,0.7100598271659649,-0.928086497359819,-0.9931237721021611,0.27867703734846894,0.7133347347768201,0.26917089678510997,0.6890016920473774
-0.9284671532846716,-0.9946894262683736,0.2780784844384303,0.7134641407307172,0.2685221481771854,0.6889455115640926,-1.0,-1.0,0.2871287128712871,0.7128712871287128,0.28431372549019607,0.7058823529411765,-0.8446601941747572,-0.9887773183697578,0.2934472934472934,0.689051689051689,0.2726413310644734,0.6401966345244848,-0.9737631184407796,-0.9974856823578712,0.2704236772754916,0.725623352929252,0.2663472097434362,0.7146850354397524,-0.9279588336192109,-0.9946529170247302,0.27801621363853124,0.7134682199059882,0.26841620626151014,0.6888318863456985
-0.9279588336192109,-0.9948206407059275,0.2789473684210526,0.7126452494873547,0.2689646081855928,0.6871416331641732,-0.9333333333333333,-1.0,0.28846153846153844,0.7019230769230769,0.28846153846153844,0.7019230769230769,-0.8434782608695652,-0.9872010778039744,0.2927563064105531,0.6871094654015274,0.26978033695883985,0.6331840477713798,-0.9659090909090909,-0.9978543650261499,0.27315937530313317,0.7233485304103211,0.26859977107974053,0.7112743227775659,-0.9279190323376943,-0.9947841205447696,0.2788792509982101,0.7127220156959934,0.2688300484438251,0.6870396177583118
-0.937973137973138,-0.9938473370505672,0.2800574476815757,0.711393790179182,0.2687536916715889,0.682680317647831,-1.0,-1.0,0.3191489361702128,0.6808510638297872,0.3157894736842105,0.6736842105263158,-0.8595194085027726,-0.9792828685258964,0.2947425769545083,0.6837374012530646,0.2666338097585017,0.6185312962050271,-0.9661466976435447,-0.9984794728839331,0.2751346908958086,0.7206647794721943,0.2695232131675463,0.7059665444136327,-0.9375153751537515,-0.9938092474366416,0.2798045154185022,0.7115914096916299,0.2684585919957733,0.6827367586844538
-0.9407020872865275,-0.9934299516908213,0.287154338645961,0.704944830404577,0.2749624991847649,0.6750146742320485,-1.0,-1.0,0.29545454545454547,0.7045454545454546,0.29545454545454547,0.7045454545454546,-0.8453038674033149,-0.9798165137614679,0.2868462757527734,0.6909667194928685,0.25761457443780245,0.6205522345573584,-0.9667774086378738,-0.997062423500612,0.2872386570660189,0.7087707122408259,0.28011844331641284,0.6912013536379019,-0.9403341288782816,-0.9933903576982893,0.287104289434014,0.7049472385912019,0.27484421121679237,0.6748442112167924
-0.9505703422053232,-0.992420741288474,0.27760918326956063,0.7137485156353081,0.26488732217046457,0.6810399093541483,-1.0,-1.0,0.3,0.7,0.3,0.7,-0.8473684210526315,-0.9783616692426584,0.27596223674655046,0.7047930283224401,0.24134645919339473,0.6163861543347094,-0.9733178654292344,-0.9954944807389051,0.2779748468236053,0.7157368590777169,0.2707073879249431,0.6970244170526811,-0.9502511360918441,-0.9923763480847899,0.27747544465091584,0.7138306344571277,0.2646872625981261,0.6809318814889845
-0.9447282861124013,-0.9926477519087568,0.28679898761156253,0.7066071666444652,0.2722387304798634,0.6707340203578428,-1.0,-1.0,0.42718446601941745,0.5728155339805825,0.42718446601941745,0.5728155339805825,-0.8653846153846154,-0.979002624671916,0.2859761686526123,0.6984417965169569,0.24930083899320815,0.6088693567718737,-0.9581749049429658,-0.9949367088607595,0.28693890274314215,0.7079956359102244,0.2765509989484753,0.6823644284212107,-0.9441576724542469,-0.99260663507109,0.28582925357118905,0.707531352692643,0.2712231131475118,0.671375843197149
-0.9548324429334628,-0.9917884082879787,0.2805368213093535,0.7134682199059882,0.26333290702135825,0.6697147972886558,-1.0,-1.0,0.30434782608695654,0.6956521739130435,0.30434782608695654,0.6956521739130435,-0.8695652173913043,-0.9709153122326775,0.29747207524985303,0.6872427983539094,0.24926108374384237,0.5758620689655173,-0.9667774086378738,-0.9944110060189166,0.2783171521035599,0.716905532439513,0.2654320987654321,0.6837154614932393,-0.9544452608376194,-0.991725199653613,0.28034880527327655,0.7136088986542158,0.26302905366230755,0.6695226438188494
-0.9602366863905325,-0.9919338973047412,0.2921247320749499,0.7028970476388025,0.27228201327576207,0.6551524134819875,-1.0,-1.0,0.3560606060606061,0.6439393939393939,0.3560606060606061,0.6439393939393939,-0.8494623655913979,-0.9701120797011208,0.31313131313131315,0.6759259259259259,0.2553191489361702,0.5511324639670556,-0.9709317415001297,-0.9938054042507743,0.2902448210922787,0.7053107344632769,0.2740398293029872,0.6659317211948791,-0.9597893729056965,-0.9918658863208015,0.2915358314144163,0.7034400948991696,0.271563210919727,0.6552486187845303
-0.968602043359083,-0.9916536254564423,0.294078850945332,0.7024036347647662,0.26885970789226854,0.6421680289427844,-1.0,-1.0,0.33980582524271846,0.6601941747572816,0.33980582524271846,0.6601941747572816,-0.9475982532751092,-0.9673659673659674,0.3443609022556391,0.6451127819548872,0.2697290930506478,0.5053003533568905,-0.9698731501057083,-0.9927916120576671,0.2915029658731993,0.7053385717587243,0.26880727427718976,0.6504226752859275,-0.9683257918552036,-0.9915939897026373,0.29373107878608873,0.7027246548032193,0.26836672738312084,0.6420427713688187
-0.9832775919732442,-0.9902311174648558,0.2986764338633147,0.6987430283859153,0.26710340206953026,0.6248790292563091,-0.9230769230769231,-0.9636363636363636,0.3170731707317073,0.6707317073170732,0.23008849557522124,0.48672566371681414,-1.0,-1.0,0.32083333333333336,0.6791666666666667,0.29389312977099236,0.6221374045801527,-0.9829108516092281,-0.990037662495444,0.29822475155015715,0.6991421048161046,0.26657049578619696,0.6249335661680966,-0.9841628959276018,-0.990584258812168,0.2984218077474892,0.6991307283315048,0.2677368062391156,0.627243128643901
-0.9959133633020024,-0.9835698282300224,0.31239627218179494,0.6837737776075578,0.26514248564308157,0.5803445660418247,-0.9897959183673469,-0.9365079365079365,0.3385146804835924,0.6528497409326425,0.2020618556701031,0.38969072164948454,-1.0,-1.0,0.35185185185185186,0.6481481481481481,0.34545454545454546,0.6363636363636364,-0.995848899958489,-0.9833522512296633,0.3118446601941748,0.6842718446601942,0.26417370325693607,0.5796688233358921,-0.9964460239893381,-0.987143431096826,0.3103115522470361,0.6862420733388476,0.27255115631432375,0.6027364087661945
-1.0,-0.9552715654952076,0.3645224171539961,0.6101364522417154,0.26925845932325415,0.4506839452843773,-1.0,-0.9101123595505618,0.42857142857142855,0.5297619047619048,0.2175226586102719,0.2688821752265861,-1.0,-0.8571428571428571,0.3333333333333333,0.6666666666666666,0.3181818181818182,0.6363636363636364,-1.0,-0.9575163398692811,0.36517412935323385,0.608955223880597,0.26847110460863205,0.4476956839795172,-1.0,-0.962756052141527,0.351981351981352,0.6258741258741258,0.28544423440453687,0.5075614366729678
-0.9028414298808433,-0.993006993006993,0.28000684404140647,0.7095559928137565,0.2720019945150835,0.6892711709465636,-0.9525283797729618,-0.9992652461425422,0.26167971914663785,0.7350796651363759,0.2590216519647153,0.7276129377171879,-0.8299367533380183,-0.9862142099681867,0.26864262790258636,0.7121011893524637,0.25552163763691865,0.6773208834620219,-0.9589189189189189,-0.9986731534719151,0.28942428035043805,0.7074468085106383,0.28620049504950495,0.6995668316831684,-0.8819444444444444,-0.9899497487437185,0.28850488354620585,0.6977210117705985,0.2778581765557164,0.6719729860106126
-0.9030564989194195,-0.9946853484720377,0.27847992434012553,0.7118046599604505,0.2705479452054795,0.6915302372201804,-0.9789750328515112,-1.0,0.2564880350522413,0.7408156386922817,0.25383589059372913,0.733155436957972,-0.8044254104211278,-0.9888268156424581,0.27595036438841836,0.7051408311995273,0.2617713004484305,0.6689088191330343,-0.9782372143634385,-0.9991487550542668,0.2804394263045468,0.7169667378700031,0.27764350453172204,0.7098187311178248,-0.8797417271993543,-0.9927643479690841,0.28601108033240996,0.7018698060941828,0.27613104524180965,0.677624247827056
-0.9114233353695785,-0.994482427731798,0.27916098226466574,0.7108628922237381,0.26993156896693876,0.6873608706406134,-0.970856102003643,-0.9975046787273861,0.2545201668984701,0.7431617987946222,0.25195043597980726,0.7356585589720055,-0.837298541826554,-0.9866581956797967,0.28681488003521904,0.6929341844596082,0.2685490519373454,0.6488046166529267,-0.9604261796042618,-0.9992291385623434,0.27432150313152404,0.7221990257480863,0.27085337364298473,0.7130685722138244,-0.8994495412844037,-0.9937629937629938,0.2847142409361613,0.7035837425556368,0.27386934673366836,0.67678391959799
-0.9341262580054894,-0.9921712538226299,0.2839698623018966,0.7079760976877111,0.27453114534494305,0.6844440723375753,-0.9763313609467456,-1.0,0.2580152671755725,0.7404580152671756,0.2552870090634441,0.7326283987915407,-0.8508474576271187,-0.9812304483837331,0.2857834826834585,0.6967788810850085,0.2666064166290104,0.6500225937641211,-0.9809433063363506,-0.9981124952812382,0.28296036667565383,0.714208681585333,0.27919659483905296,0.704708699122107,-0.9318327974276527,-0.9916775032509753,0.2855306647080426,0.7060227690047741,0.27566034391065414,0.6816167346215211
-0.93628209093721,-0.9941705125091086,0.2792364829849715,0.7111763689756435,0.2687894911872298,0.6845693382108413,-1.0,-1.0,0.38461538461538464,0.6153846153846154,0.38461538461538464,0.6153846153846154,-0.857976653696498,-0.9882121807465619,0.28195282501371366,0.6980252331321997,0.25992414664981034,0.6434892541087232,-0.9727891156462585,-0.9968359992968887,0.2779878971255673,0.7172213817448311,0.2731326644370123,0.7046946612164003,-0.9353826850690088,-0.9941190884587111,0.27816071895995115,0.7121542622807783,0.26765175048274703,0.6852489295609101
-0.9236912156166814,-0.9949354877607621,0.28735339112697605,0.7048274689784124,0.27609015188633024,0.6772007186019925,-1.0,-1.0,0.24175824175824176,0.7582417582417582,0.2391304347826087,0.75,-0.8050251256281407,-0.9878524945770065,0.2956030897207368,0.6847890671420083,0.26906435911303406,0.6233098972417523,-0.9731768650461022,-0.9976619906479626,0.28404761904761905,0.7128571428571429,0.2791296209639682,0.7005147402901264,-0.9231914260196487,-0.9948929961089494,0.2877087794432548,0.7044111349036403,0.2763699193681093,0.6766496626624979
-0.9391199517781796,-0.9926981509833942,0.2786830169662355,0.7131698303376449,0.26652743192224276,0.6820628162904651,-0.84,-1.0,0.28735632183908044,0.7126436781609196,0.2840909090909091,0.7045454545454546,-0.8521212121212122,-0.9769769769769769,0.2857637686179425,0.6920678905438171,0.2567693744164332,0.6218487394957983,-0.9679101484155636,-0.9975358077930079,0.27641645415234506,0.7199246036145914,0.2699220441749675,0.7030099610220875,-0.9398724567263893,-0.9926444418080437,0.2786191725188256,0.7131737033589982,0.2664023946282663,0.6819027586764825
-0.9437556697913517,-0.9910886319845857,0.2827945955190696,0.7101077475628528,0.26925582152743854,0.6761113825109917,-1.0,-1.0,0.5405405405405406,0.4594594594594595,0.5405405405405406,0.4594594594594595,-0.8323699421965318,-0.9746682750301568,0.28941865328314514,0.6934337097448766,0.25394495412844037,0.608440366972477,-0.9732313575525813,-0.9951850737285586,0.28109212082124047,0.7143932064925292,0.2736214293188239,0.69540650831851,-0.9430670339761249,-0.9910519951632406,0.2811531841652324,0.7117039586919105,0.2676114023591088,0.6774246395806028
-0.9552845528455285,-0.9920588578769123,0.284769307094427,0.7080370431618984,0.27047828477185265,0.6725045158250216,-1.0,-1.0,0.34065934065934067,0.6593406593406593,0.33695652173913043,0.6521739130434783,-0.8476190476190476,-0.975051975051975,0.2978723404255319,0.6822695035460993,0.25661914460285135,0.5877800407331976,-0.9793887704335466,-0.9955056179775281,0.28199218358552963,0.7134983465277082,0.27378867483946295,0.6927417785561393,-0.9548784060943452,-0.9920028225332236,0.2843455802715988,0.7084062317753895,0.2699944624634127,0.6726524800253144
-0.94597803502523,-0.9920328343795268,0.28713883917156735,0.7060427853064007,0.27103781174577635,0.6664521319388576,-1.0,-1.0,0.35714285714285715,0.6428571428571429,0.35714285714285715,0.6428571428571429,-0.8389830508474576,-0.9762989972652689,0.29334990677439404,0.6817899316345556,0.24855186940494997,0.5776724591890469,-0.9634104245771488,-0.9944343954362043,0.2861517186882655,0.7098972738048203,0.2750925838002089,0.6824613047193999,-0.9454926624737946,-0.9919805589307412,0.28663404584084473,0.7064984118808482,0.2704519682488255,0.6666126680706301
-0.9492234169653524,-0.9933499584372403,0.2825793382849426,0.7107528696826468,0.2656721155372163,0.6682272655134106,-1.0,-1.0,0.40229885057471265,0.5977011494252874,0.40229885057471265,0.5977011494252874,-0.8363171355498721,-0.9788235294117648,0.3083596214511041,0.6703470031545742,0.25572269457161545,0.5559189012426422,-0.9641528576259722,-0.9949808479725267,0.27948960302457465,0.7155954631379963,0.26704596766910504,0.6837352117763931,-0.9486869906429218,-0.9933086390249731,0.2816937335260607,0.7115891505824334,0.2647223332001598,0.6687175389532561
-0.955233291298865,-0.9915779043844439,0.28058381247235736,0.7141972578505086,0.2604696994580391,0.6629988503859419,-1.0,-1.0,0.3,0.7,0.3,0.7,-0.8847457627118644,-0.9803921568627451,0.31788793103448276,0.6594827586206896,0.25674499564838993,0.5326370757180157,-0.9624608967674662,-0.9924953095684803,0.27724775946805436,0.7190902958465838,0.26085773868891104,0.6765799256505576,-0.9548919949174078,-0.991519082065353,0.280445434298441,0.7142984409799554,0.2602082988923789,0.6627541742436767
-0.9678018575851394,-0.9914858555341939,0.3059871163319439,0.6898446381205002,0.2788088044885628,0.6285714285714286,-1.0,-1.0,0.3194444444444444,0.6805555555555556,0.3108108108108108,0.6621621621621622,-0.9263803680981595,-0.9757575757575757,0.3273092369477912,0.6626506024096386,0.25193199381761977,0.5100463678516228,-0.9700032605151614,-0.9922324510932106,0.3049313978922251,0.6911910916683237,0.2803986103492412,0.635582373377217,-0.967570938571874,-0.9914281764136597,0.3058946966806562,0.6899084318962229,0.2786030753192598,0.6283554860568152
-0.9845018450184502,-0.9919159256265158,0.3034374650095174,0.6925316313962602,0.2691429138941305,0.6142615949945377,-1.0,-0.9347826086956522,0.35374149659863946,0.6258503401360545,0.2561576354679803,0.45320197044334976,-1.0,-1.0,0.38323353293413176,0.6107784431137725,0.34972677595628415,0.5573770491803278,-0.9841269841269841,-0.991780371527207,0.3019169329073482,0.6940894568690096,0.26765122395306495,0.6153145862836334,-0.9841986455981941,-0.9927785983915969,0.3025956284153005,0.6936475409836066,0.2694100952767079,0.6175755118589094
-0.9898591549295774,-0.9835018626929217,0.3193594818279957,0.6761424973011875,0.26992092457420924,0.5714720194647201,-0.9859154929577465,-0.9158878504672897,0.38904109589041097,0.5863013698630137,0.22468354430379747,0.33860759493670883,-1.0,-1.0,0.36619718309859156,0.6338028169014085,0.3611111111111111,0.625,-0.9897084048027445,-0.9833019122003771,0.31875341716785127,0.6766903590304356,0.26891143911439114,0.5708794587945879,-0.9902020820575628,-0.9875846501128668,0.3144617754669748,0.6824571538609667,0.2747308209959623,0.5962314939434724
-1.0,-0.9135135135135135,0.3893249607535322,0.5808477237048666,0.28670520231213875,0.4277456647398844,-1.0,-0.6956521739130435,0.47572815533980584,0.44660194174757284,0.23113207547169812,0.2169811320754717,-1.0,-1.0,0.16666666666666666,0.8333333333333334,0.16666666666666666,0.8333333333333334,-1.0,-0.9123287671232877,0.39144215530903326,0.5784469096671949,0.28754365541327126,0.42491268917345754,-1.0,-0.9444444444444444,0.37265917602996257,0.6067415730337079,0.30474732006125577,0.49617151607963245
